property_name,latitude,longitude,address,city,state,zip,county,country,match_indicator,match_type,tiger_line_id,tiger_side,state_fips,county_fips,census_tract,census_block
Dilmar Oil Property,34.435592,-79.383067,1368 State Rd S-17-39,Dillon,SC,29536,Dillon County,US,No_Match,,,,,,,
Greenwood Mill # 5,34.191765,-82.168486,225 Duncan Ave,Greenwood,SC,29646,Greenwood County,US,Match,Exact,50819038,R,45,047,970401,1012
Iva Farmers Market,34.306998,-82.663921,707 W Front St,Iva,SC,29655,Anderson County,US,Match,Non_Exact,25439191,L,45,007,011702,3067
Palmetto Petroleum,34.388242,-79.386946,1880 US Hwy 301 S,Dillon,SC,29536,Dillon County,US,No_Match,,,,,,,
Lower Pelzer Mill,34.643322,-82.454886,100 Lebby St,Pelzer,SC,29669,Anderson County,US,Match,Exact,649983478,R,45,007,010300,4030
Upper Pelzer Mill,34.653847,-82.458156,7 Stewart St,Pelzer,SC,29669,Anderson County,US,Match,Exact,25456858,R,45,007,010300,4002
Former Garage Site,34.291779,-79.863647,906 Main St,Darlington,SC,29532,Darlington County,US,Tie,,,,,,,
2628 Decker Boulevard,34.060679,-80.951903,2727 Decker Blvd,Columbia,SC,29206,Richland County,US,Match,Exact,636860002,L,45,079,011306,1000
C E Phillips Farms,33.994207,-80.046164,1160 Pleasant Grove Rd,Lynchburg,SC,29080,Sumter County,US,Match,Exact,202698517,L,45,085,000500,1011
Former McCorys Store Building,34.005558,-81.035431,1559 Main St,Columbia,SC,29201,Richland County,US,Match,Exact,71820786,L,45,079,003100,2023
Meeting Street Motors,33.990845,-81.068255,914 Meeting St,West Columbia,SC,29169,Lexington County,US,Match,Exact,70055938,R,45,063,020300,3027
1527 Gervais Street,34.002721,-81.028699,1197 Bull St,Columbia,SC,29201,Richland County,US,Match,Exact,71820854,L,45,079,003100,1042
4000 River Drive,34.027211,-81.062761,4024 US Hwy 176,Columbia,SC,29201,Richland County,US,No_Match,,,,,,,
O'Hear Ave - Noisette Creek,32.87103,-79.975421,4186 State Rd S-10-379,North Charleston,SC,29405,Charleston County,US,No_Match,,,,,,,
500 Vanboklen Street,33.883139,-80.687629,349 Vanboklen Rd,Eastover,SC,29044,Richland County,US,Match,Non_Exact,71812548,L,45,079,012000,3050
Emmanuel Church,34.09255,-80.860557,NA I 20,Columbia,SC,29223,Richland County,US,No_Match,,,,,,,
CMMC - Building 13,32.860988,-79.965333,1698 A Ave S,North Charleston,SC,29405,Charleston County,US,No_Match,,,,,,,
Express Cab Property,32.828772,-79.952269,1831 Meeting Street Rd,North Charleston,SC,29405,Charleston County,US,Match,Exact,108853823,R,45,019,004400,1035
Town of Hollywood Property,32.734547,-80.242869,6326 Highway 162,Hollywood,SC,29449,Charleston County,US,No_Match,,,,,,,
Independent Ave Site,32.87968,-79.995106,4700 Wright Ave,North Charleston,SC,29405,Charleston County,US,Match,Exact,108799434,R,45,019,003300,4016
Pete Hollis Site,34.860308,-82.406126,400 Echols St,Greenville,SC,29601,Greenville County,US,No_Match,,,,,,,
Former Shaw Industries Site,32.987408,-81.279016,108 State Rd S-3-103,Fairfax,SC,29827,Allendale County,US,No_Match,,,,,,,
1901 Reynolds Property,32.856192,-79.970526,1953 Grayson St,North Charleston,SC,29405,Charleston County,US,Match,Exact,108804683,R,45,019,004300,4001
Duggan Trust Property,32.913939,-80.040352,2467 Alston Ave,North Charleston,SC,29406,Charleston County,US,Match,Exact,108891249,L,45,019,003105,2005
Milliken Properties Area 1,34.370899,-80.062754,414 Easy St,Hartsville,SC,29550,Darlington County,US,Match,Exact,78393742,L,45,031,010600,1062
Milliken Property Area 2,34.369754,-80.064111,513 Mill Ave,Hartsville,SC,29550,Darlington County,US,Match,Exact,78393780,R,45,031,010600,1076
Milliken Property Area 3,34.372487,-80.063273,508 Jordan St,Hartsville,SC,29550,Darlington County,US,Match,Exact,78393702,R,45,031,010600,1052
Milliken Property Area 4,34.370899,-80.062754,414 Easy St,Hartsville,SC,29550,Darlington County,US,Match,Exact,78393742,L,45,031,010600,1062
Hanover Property,32.796687,-79.938067,62 Hanover St,Charleston,SC,29403,Charleston County,US,Match,Exact,108807028,R,45,019,000900,1022
Bell Buoy Seafood Site,32.492162,-80.331694,3751 Dock,Edisto Island,SC,29438,Colleton County,US,No_Match,,,,,,,
Vaucluse Landfill,33.610414,-81.805388,4907 Vaucluse Rd,Aiken,SC,29801,Aiken County,US,Match,Exact,64986135,R,45,003,020304,2032
Billy Young IGA,33.008322,-81.306163,363 S-3-98,Allendale,SC,29810,Allendale County,US,No_Match,,,,,,,
Union Mill,34.716264,-81.626285,200 N Enterprise St,Union,SC,29379,Union County,US,Match,Exact,19728326,L,45,087,030200,2003
Former Shaw Industries,32.972273,-81.275042,1111 State Hwy 47,Fairfax,SC,29827,Allendale County,US,No_Match,,,,,,,
Hall I Property,32.822857,-79.953634,NA I 26,North Charleston,SC,29405,Charleston County,US,No_Match,,,,,,,
Ashley Shores Property,32.845773,-79.991864,2821 Ashley Shores Dr,North Charleston,SC,29405,Charleston County,US,Match,Exact,605543135,L,45,019,004000,2029
Whitlock Combing Company,33.00031,-81.293315,351 Ozzie St,Allendale,SC,29810,Allendale County,US,Match,Exact,19043277,L,45,005,970201,2006
Piedmont Shirt Factory,34.876903,-82.404622,801 A Poinsett Hwy,Greenville,SC,29609,Greenville County,US,Match,Exact,38298833,L,45,045,002303,2018
Sesame Parking Lot,32.880288,-79.980144,4747 State Rd S-10-32,North Charleston,SC,29405,Charleston County,US,No_Match,,,,,,,
Former Margarine Factory,34.885356,-82.404877,1412 Poinsett Hwy,Greenville,SC,29609,Greenville County,US,Match,Exact,636713490,R,45,045,002304,2030
Harvester?s Outreach Ministries,34.876543,-82.416695,9 McCrary St,Greenville,SC,29609,Greenville County,US,Match,Exact,38298555,L,45,045,002302,1030
Former Tire Repair Facility,34.867391,-82.404211,10 Rutherford Rd,Greenville,SC,29609,Greenville County,US,Match,Exact,38333809,R,45,045,001000,1005
Monaghan Plant Parking Lot,34.866266,-82.426247,300 Smythe St,Greenville,SC,29611,Greenville County,US,Match,Exact,38299221,R,45,045,002203,3030
Former Bobbin Manufacturer,34.887727,-82.407517,4 Newland Ave,Greenville,SC,29609,Greenville County,US,Match,Exact,38298496,L,45,045,002302,2035
Hawthorne Green Housing Site,34.970994,-82.430798,120 5b Hemlock Dr,Travelers Rest,SC,29690,Greenville County,US,Match,Exact,38294598,L,45,045,003906,2003
Former Beattie Plant,34.696052,-82.229889,632 N Woods Dr,Fountain Inn,SC,29644,Greenville County,US,Match,Non_Exact,38347566,R,45,045,003101,2024
Former Poe Mill,34.858553,-82.405085,801 Buncombe St,Greenville,SC,29601,Greenville County,US,No_Match,,,,,,,
Conestee Foundation,34.770451,-82.347738,290 Conestee Rd,Greenville,SC,29605,Greenville County,US,No_Match,,,,,,,
711 W. Washington St.,34.863439,-82.417982,11 St Clair St,Greenville,SC,29601,Greenville County,US,Match,Exact,38299617,R,45,045,002303,1053
556 Perry Avenue,34.848251,-82.427789,556 06 Perry Ave,Greenville,SC,29611,Greenville County,US,No_Match,,,,,,,
46 Lois Avenue,34.848961,-82.430482,46 Lois Ave,Greenville,SC,29611,Greenville County,US,Match,Exact,38296431,R,45,045,000800,1023
Welborn Street Property,34.85052,-82.409888,320 S Hudson St,Greenville,SC,29601,Greenville County,US,No_Match,,,,,,,
1010 and 1012 Lowndes Hill Road,34.854591,-82.353082,15 Watson Aviation Rd,Greenville,SC,29607,Greenville County,US,Match,Non_Exact,38303809,L,45,045,004400,2013
1108 Cook Street,34.857958,-82.412589,1040 W Washington St,Greenville,SC,29601,Greenville County,US,Tie,,,,,,,
Cleveland Park Stables,34.840551,-82.38672,126 Woodland Way,Greenville,SC,29601,Greenville County,US,Match,Exact,38301777,R,45,045,004200,1006
Cleveland Park and City Zoo,34.846515,-82.388098,150 Cleveland Park Dr,Greenville,SC,29601,Greenville County,US,Match,Exact,640586824,L,45,045,004200,1000
538 Highway 1,34.68594,-79.897849,301 Hwy 1,Cheraw,SC,29520,Chesterfield County,US,Match,Non_Exact,604958190,L,45,025,950602,1010
Palmetto Transport Specialist LLC,34.68594,-79.897849,301 Hwy 1,Cheraw,SC,29520,Chesterfield County,US,Match,Non_Exact,604958190,L,45,025,950602,1010
Cheraw Bi-Lo,34.68995,-79.898024,4 Chesterfield Hwy,Cheraw,SC,29520,Chesterfield County,US,Match,Exact,14331479,R,45,025,950504,2026
136 Cash Road,34.686587,-79.882139,176 Cash,Cheraw,SC,29520,Chesterfield County,US,Match,Non_Exact,604888928,R,45,025,950602,1055
4821 Virginia Property,32.882059,-79.974149,4810 Virginia Ave,North Charleston,SC,29405,Charleston County,US,Match,Exact,649792680,L,45,019,003400,4043
High Point Property,32.886127,-79.973182,4936 Virginia Ave,North Charleston,SC,29405,Charleston County,US,Match,Exact,649792680,L,45,019,003400,4043
former Green Plaza,34.861528,-82.408357,17 Fludd St,Greenville,SC,29601,Greenville County,US,Match,Exact,38335687,L,45,045,000900,1005
502 Jenkins Street,34.837519,-82.414646,414 Jenkins St,Greenville,SC,29601,Greenville County,US,Match,Exact,38300397,R,45,045,000500,2007
Old DSS Building,33.005721,-81.304118,599 State Rd S-3-10,Allendale,SC,29810,Allendale County,US,No_Match,,,,,,,
Old Jail Building,33.00987,-81.304538,640 Hickory St N,Allendale,SC,29810,Allendale County,US,Match,Exact,19045622,R,45,005,970201,2033
Grendel Mill,34.197747,-82.150895,202 Pelzer St,Greenwood,SC,29649,Greenwood County,US,Match,Exact,50803941,R,45,047,970500,1030
ALLEN'S GARAGE,33.035902,-81.22211,7141 US Hwy 321,Fairfax,SC,29827,Allendale County,US,No_Match,,,,,,,
Greenville Furniture Company,34.870209,-82.405132,212 Orders St,Greenville,SC,29609,Greenville County,US,Match,Exact,38298934,R,45,045,002303,1000
5041 Durant Avenue,32.887174,-79.9786,5059 Durant Ave,North Charleston,SC,29405,Charleston County,US,Match,Exact,108799659,L,45,019,003400,4051
Former Coal Tipple Site,32.822491,-79.94536,1445 Greenleaf St,North Charleston,SC,29405,Charleston County,US,Match,Non_Exact,653326865,L,45,019,005400,2025
Tiger Pride Automotive,34.718148,-82.786294,915 W Main St,Central,SC,29630,Pickens County,US,Match,Non_Exact,26165290,R,45,077,011105,3032
VILLAGE INN,33.015613,-81.300078,NA US 301,Allendale,SC,29810,Allendale County,US,No_Match,,,,,,,
Hartness Property,34.878915,-82.405065,901 Poinsett Hwy,Greenville,SC,29609,Greenville County,US,Match,Exact,38298825,L,45,045,002303,2003
League Property,34.88717,-82.406814,606 Furman Rd,Greenville,SC,29609,Greenville County,US,Match,Exact,38298813,R,45,045,002302,2036
Barnett Property,34.871323,-82.407017,211 Conyers St,Greenville,SC,29609,Greenville County,US,Match,Exact,38298686,L,45,045,002303,2027
Henley Site,34.867391,-82.404211,10 Rutherford Rd,Greenville,SC,29609,Greenville County,US,Match,Exact,38333809,R,45,045,001000,1005
League (VACANT) Property,34.886572,-82.404963,1434 Poinsett Hwy,Greenville,SC,29609,Greenville County,US,Match,Exact,636713490,R,45,045,002304,2030
Spinning Mill Site,34.872928,-82.411462,224 Hammett St,Greenville,SC,29609,Greenville County,US,Match,Exact,38298641,R,45,045,002303,2025
Furman Hall Property,34.881736,-82.404079,135 Goldsmith Ave,Greenville,SC,29609,Greenville County,US,Match,Non_Exact,38298636,L,45,045,002303,2022
Tatham Property,34.18885,-82.166113,341 Maxwell Ave,Greenwood,SC,29646,Greenwood County,US,Match,Exact,50806069,R,45,047,970401,3022
Carriage House,34.474803,-81.88127,211 N Broad St,Clinton,SC,29325,Laurens County,US,Tie,,,,,,,
Henry's Cleaners,34.000302,-81.773557,200 W Eutaw St,Saluda,SC,29138,Saluda County,US,Tie,,,,,,,
Knight Industries Mill,33.998278,-81.771457,100 Batesburg Hwy,Saluda,SC,29138,Saluda County,US,Match,Exact,65517666,L,45,081,960202,1018
West Washington Street Property,34.857469,-82.41215,1006 W Washington St,Greenville,SC,29601,Greenville County,US,Tie,,,,,,,
Ware Street Property,34.84359,-82.41249,16 Perry Ave,Greenville,SC,29601,Greenville County,US,Match,Exact,38299880,R,45,045,000700,1025
Nichol Street Property,34.840877,-82.382697,316 Nichol St,Greenville,SC,29607,Greenville County,US,Match,Exact,38301789,L,45,045,004300,2009
"Oscar, Nassau, and Meadow St Property",34.852549,-82.408965,100 S Hudson St,Greenville,SC,29601,Greenville County,US,Tie,,,,,,,
Shirley and West Washington Street Property,34.856815,-82.411037,13 Embassy Ct,Greenville,SC,29601,Greenville County,US,Match,Exact,38365395,L,45,045,000900,1038
21 3rd St Property,34.851497,-82.429199,18 3rd St,Greenville,SC,29611,Greenville County,US,Match,Exact,640588558,R,45,045,000800,1006
Oscar and Meadow St,34.854276,-82.411664,308 Meadow St,Greenville,SC,29601,Greenville County,US,Match,Exact,647231135,R,45,045,000700,3011
City of Lake City Wastewater Site,33.875014,-79.750606,244 N Church St,Lake City,SC,29560,Florence County,US,Match,Non_Exact,28871735,L,45,041,002202,1001
Brown Park,34.688592,-79.87891,40 Tote,Cheraw,SC,29520,Chesterfield County,US,Match,Non_Exact,14343186,R,45,025,950601,1018
Bluland LLC,34.690973,-79.883816,42 Greene,Cheraw,SC,29520,Chesterfield County,US,Match,Non_Exact,14336610,R,45,025,950602,1036
McBride's Quality Cleaners,34.693162,-79.879967,63 2nd,Cheraw,SC,29520,Chesterfield County,US,Match,Non_Exact,14331323,L,45,025,950602,1014
City Park Wetlands,34.855192,-82.411932,422 Oscar St,Greenville,SC,29601,Greenville County,US,Match,Exact,647220708,R,45,045,000700,3015
Former Cheraw Recycling Center,34.692731,-79.879233,95 Acl,Cheraw,SC,29520,Chesterfield County,US,Match,Non_Exact,14331431,R,45,025,950601,1051
Pee Dee Ice & Fuel,34.697004,-79.877996,9 Church,Cheraw,SC,29520,Chesterfield County,US,Match,Non_Exact,14343171,R,45,025,950601,1006
Second and Duvall Street,34.698822,-79.8843,246 2nd,Cheraw,SC,29520,Chesterfield County,US,Match,Non_Exact,604958013,R,45,025,950602,1007
Second & Kershaw Street,34.700557,-79.885481,NA US 52,Cheraw,SC,29520,Chesterfield County,US,No_Match,,,,,,,
Chesterfield Highway Tract,34.699753,-79.934215,1048 Chesterfield Hwy,Cheraw,SC,29520,Chesterfield County,US,Match,Exact,600594664,R,45,025,950504,3043
Cheraw Community Center,34.703103,-79.887713,419 2nd,Cheraw,SC,29520,Chesterfield County,US,No_Match,,,,,,,
American House Spinning,34.717393,-82.788353,1034 W Main St,Central,SC,29630,Pickens County,US,No_Match,,,,,,,
Central Garage,34.72171,-82.784716,703 W Main St,Central,SC,29630,Pickens County,US,No_Match,,,,,,,
Riverside School,34.008457,-81.755876,417 N Bouknight Ferry Rd,Saluda,SC,29138,Saluda County,US,Match,Exact,65522874,L,45,081,960202,2032
Former Fox Theater (Nicklodeon),34.007959,-81.036491,1700 Main St,Columbia,SC,29201,Richland County,US,Match,Exact,71820657,R,45,079,003100,2016
Former Main and Taylor Shoes Site,34.007959,-81.036491,1700 Main St,Columbia,SC,29201,Richland County,US,Match,Exact,71820657,R,45,079,003100,2016
Palmetto Compress & Warehouse Building,33.993116,-81.039788,649 Greene St,Columbia,SC,29201,Richland County,US,Match,Exact,71827516,L,45,079,002900,1016
1209 Franklin Street,34.016746,-81.040416,1200 Franklin St,Columbia,SC,29201,Richland County,US,Match,Exact,649021320,R,45,079,000700,1023
1113 Lady Street & 1306 Assembly Street,34.003933,-81.034761,1166 Washington St,Columbia,SC,29201,Richland County,US,Match,Exact,71820793,R,45,079,003100,2033
601 CATAWBA STREET SITE,33.986378,-81.036936,580 Catawba St,Columbia,SC,29201,Richland County,US,Match,Exact,71827550,R,45,079,002800,1009
Central Concrete & Plaster,34.991536,-81.844788,152 Old Converse Rd,Spartanburg,SC,29307,Spartanburg County,US,Match,Exact,19513946,L,45,083,022201,2017
Central Laundromat,34.72036,-82.785726,849 W Main St,Central,SC,29630,Pickens County,US,Match,Exact,26214864,R,45,077,011105,3008
Lake City Plaza,33.877623,-79.755454,220 Kelley St,Lake City,SC,29560,Florence County,US,Match,Exact,28910645,L,45,041,002204,1001
Strickland's Dixie Cleaners,32.902126,-80.661891,421 Hampton St,Walterboro,SC,29488,Colleton County,US,Match,Exact,19156083,L,45,029,970501,1046
Coastal Lumber,32.930009,-80.689704,NA I 95,Walterboro,SC,29488,Colleton County,US,No_Match,,,,,,,
Short Stop 3,32.930009,-80.689704,NA I 95,Walterboro,SC,29488,Colleton County,US,No_Match,,,,,,,
Quality Stitching,34.037157,-81.852082,1260 Greenwood Hwy,Saluda,SC,29138,Saluda County,US,Match,Exact,65522820,R,45,081,960201,3032
116 North Church Street Property,33.871673,-79.752424,210 E Main St,Lake City,SC,29560,Florence County,US,Tie,,,,,,,
Former Rizer Ford Dealership,32.903057,-80.666093,188 N Walter St,Walterboro,SC,29488,Colleton County,US,Tie,,,,,,,
Fairfax Dimensions,32.958861,-81.237029,194 US Hwy 278,Fairfax,SC,29827,Allendale County,US,No_Match,,,,,,,
Pelzer Mill Disposal Site,34.651925,-82.460817,1 Parker St,Pelzer,SC,29669,Anderson County,US,Match,Exact,640545197,R,45,007,010300,4012
St. Gobain Property,32.842144,-80.00871,2900 Bird St,North Charleston,SC,29405,Charleston County,US,Match,Exact,108847228,L,45,019,003900,2026
Post and Courier Property II,32.79349,-79.941809,605 King St,Charleston,SC,29403,Charleston County,US,Match,Exact,108807343,L,45,019,001000,1010
Former Office Building,34.001734,-81.7716,111 E Church St,Saluda,SC,29138,Saluda County,US,Tie,,,,,,,
Saluda Market Consignments,34.001704,-81.771961,101 E Church St,Saluda,SC,29138,Saluda County,US,Tie,,,,,,,
Saluda Theatre,34.00138,-81.77117,105 Law Range St,Saluda,SC,29138,Saluda County,US,No_Match,,,,,,,
1211 Pendleton St Site,34.846533,-82.427237,1201 Pendleton St,Greenville,SC,29611,Greenville County,US,Match,Exact,38299456,L,45,045,000800,1035
Colleton County Downtown Properties,32.903333,-80.668259,31 Klein St,Walterboro,SC,29488,Colleton County,US,Match,Exact,19156089,R,45,029,970502,1012
Chester Pavilion,34.704875,-81.214153,100 State Hwy 9 Bus,Chester,SC,29706,Chester County,US,Match,Non_Exact,40564881,L,45,023,020200,3017
Republic Mill 1,34.575908,-80.902026,626 US Hwy 21,Great Falls,SC,29055,Chester County,US,No_Match,,,,,,,
Old York Road Property,34.756126,-81.196697,1150 Bedrock Dr,Chester,SC,29706,Chester County,US,Match,Exact,637742973,L,45,023,020400,2029
8547 W Washington St,34.850677,-82.399242,2 S Main St,Greenville,SC,29601,Greenville County,US,Tie,,,,,,,
"2428,-2434 Main Street and 1204 Confederate Ave",34.018823,-81.041082,1240 Confederate Ave,Columbia,SC,29201,Richland County,US,Match,Exact,71820497,R,45,079,000700,1020
Pelzer Riverfront,34.655282,-82.458052,15 Frost St,Pelzer,SC,29669,Anderson County,US,Match,Exact,649981037,R,45,007,010300,4003
Former BI-LO Shopping Center,34.245068,-80.617334,1098 Old River Rd,Camden,SC,29020,Kershaw County,US,Match,Non_Exact,648743200,L,45,055,970800,4002
Gardner Property,34.245815,-80.616764,1011 US Hwy 1,Camden,SC,29020,Kershaw County,US,No_Match,,,,,,,
Section of Old River Road,34.24556,-80.615205,1014 Wylie St,Camden,SC,29020,Kershaw County,US,Match,Exact,78481810,R,45,055,970800,4001
Great Falls Rail Trail,34.568973,-80.898142,18 Argonne Ave,Great Falls,SC,29055,Chester County,US,Match,Exact,40570928,L,45,023,021000,3003
2222 Main Street,34.014997,-81.039647,2181 US Hwy 21,Columbia,SC,29201,Richland County,US,No_Match,,,,,,,
1-15 Meadow St.,34.852508,-82.408926,100 S Hudson St,Greenville,SC,29601,Greenville County,US,Tie,,,,,,,
111 Welborn,34.852249,-82.411835,100 Welborn St,Greenville,SC,29601,Greenville County,US,Match,Exact,38335688,R,45,045,000700,3010
East North Street,34.860925,-82.371085,1732 E North St,Greenville,SC,29607,Greenville County,US,Match,Non_Exact,38303023,R,45,045,001204,1012
S. Academy at Wardlaw St.,34.8471,-82.407659,200 S Academy St,Greenville,SC,29601,Greenville County,US,Tie,,,,,,,
S. Academy at N. Calhoun,34.846328,-82.414021,143 Ware St,Greenville,SC,29601,Greenville County,US,Match,Exact,38299863,L,45,045,000700,1025
N. Pleasantburg at Laurens Rd.,34.842894,-82.362461,1500 Laurens Rd,Greenville,SC,29607,Greenville County,US,No_Match,,,,,,,
206 Scarlett St.,34.82889,-82.368926,204 Scarlett St,Greenville,SC,29607,Greenville County,US,Match,Exact,38357936,R,45,045,001900,2001
Broad St. Parking Garage,34.848583,-82.397598,300 E McBee Ave,Greenville,SC,29601,Greenville County,US,Tie,,,,,,,
Imperial Tobacco Warehouse,33.86936,-79.756198,206 S Acline St,Lake City,SC,29560,Florence County,US,Match,Non_Exact,640540282,R,45,041,002202,2012
20 Chesterfield Highway,34.68995,-79.898024,4 Chesterfield Hwy,Cheraw,SC,29520,Chesterfield County,US,Match,Exact,14331479,R,45,025,950504,2026
Janice Circle Tract,34.708778,-79.960394,108 Janice,Cheraw,SC,29520,Chesterfield County,US,Match,Non_Exact,14331112,R,45,025,950501,2030
Buffalo Mill,34.721733,-81.678331,109 Mill St,Buffalo,SC,29321,Union County,US,Match,Exact,19729140,R,45,087,030402,1008
Pie's Country Kitchen,34.593233,-81.462509,3310 Janie Glymph Goree Blvd,Carlisle,SC,29031,Union County,US,Match,Exact,19726143,R,45,087,030600,2034
4525 King Kennedy Street,34.593201,-81.468793,4508 King Kennedy St,Carlisle,SC,29031,Union County,US,Match,Exact,19726144,L,45,087,030600,2067
Former Porter Street Manufacturing Site,34.709501,-81.620199,600 S Pinckney St,Union,SC,29379,Union County,US,Tie,,,,,,,
Reedy View Drive Property,34.740116,-82.252532,125 Academy St,Simpsonville,SC,29681,Greenville County,US,Match,Exact,38313126,L,45,045,003010,1048
Former Woodside Mill Property,34.85645,-82.425062,45 N 6th St,Greenville,SC,29611,Greenville County,US,Match,Exact,38300151,L,45,045,002105,1009
Former Pickens Rail Depot,34.883802,-82.702512,111 Railroad St,Pickens,SC,29671,Pickens County,US,Match,Exact,26157825,L,45,077,010502,2018
Former Mixson Service Station,33.004986,-81.313638,NA US 301,Allendale,SC,29810,Allendale County,US,No_Match,,,,,,,
Farmer's Grain &amp; Supply Development Tract,33.096395,-81.209839,NA US 301,Ulmer,SC,29849,Allendale County,US,No_Match,,,,,,,
Town of Allendale Former Hotel,33.009072,-81.307907,NA US 278,Allendale,SC,29810,Allendale County,US,No_Match,,,,,,,
Isham's Grocery,32.961501,-81.233736,400 S-3-111,Fairfax,SC,29827,Allendale County,US,No_Match,,,,,,,
Allendale County Nursing Home,33.022757,-81.311633,2200 US Hwy 278,Allendale,SC,29810,Allendale County,US,No_Match,,,,,,,
Fairfax Community Building,32.96094,-81.240077,651 US Hwy 278,Fairfax,SC,29827,Allendale County,US,No_Match,,,,,,,
Town of Allendale Commercial Buildings,33.008404,-81.308413,NA US 278,Allendale,SC,29810,Allendale County,US,No_Match,,,,,,,
Regions Bank,33.560024,-81.719061,108 Chesterfield St S,Aiken,SC,29801,Aiken County,US,Match,Exact,65033810,L,45,003,021300,3102
Public Health Building,34.724728,-82.781946,211 Broad St,Central,SC,29630,Pickens County,US,Match,Exact,26165239,L,45,077,011101,2052
Central Roller Mill,34.723865,-82.787371,516 Madden Bridge Rd,Central,SC,29630,Pickens County,US,Match,Exact,621524790,L,45,077,011101,2057
Chiquola Mill,34.45137,-82.392412,405 Chiquola Ave,Honea Path,SC,29654,Anderson County,US,Match,Exact,25437103,L,45,007,011502,1022
Brinkley Station,33.324106,-81.781609,165 Brinkley St,Jackson,SC,29831,Aiken County,US,Match,Exact,644924427,R,45,003,022100,3037
Rock Hill Feed and Seed,34.921681,-81.013971,702 White St E,Rock Hill,SC,29730,York County,US,No_Match,,,,,,,
Springsteen Mill,34.705626,-81.207642,18 Spring St,Chester,SC,29706,Chester County,US,Match,Exact,40563648,L,45,023,020300,4026
National Fence Site,34.934582,-81.034602,186 Lee St N,Rock Hill,SC,29732,York County,US,No_Match,,,,,,,
RiverPlace Phase III,34.847237,-82.403559,235 Riverplace,Greenville,SC,29601,Greenville County,US,Match,Exact,627757937,L,45,045,000200,2008
Warren Plant,33.567896,-81.807141,86 State Hwy 191,Graniteville,SC,29829,Aiken County,US,No_Match,,,,,,,
Red Barn Property,33.569977,-81.807402,108 Ascauga Lake Rd,Graniteville,SC,29829,Aiken County,US,Match,Exact,65028082,L,45,003,020401,2043
Anderson University,34.506565,-82.624245,514 Williamston Rd,Anderson,SC,29621,Anderson County,US,Match,Exact,25454608,R,45,007,012300,2023
United Housing ConnectionsSite,34.877298,-82.413439,15 Neely St,Greenville,SC,29609,Greenville County,US,Match,Exact,636713497,L,45,045,002302,1032
109 West Stone Avenue,34.861507,-82.396539,103 W Stone Ave,Greenville,SC,29609,Greenville County,US,Tie,,,,,,,
The Station @ Five Points,34.005381,-81.020456,1100 Laurens St,Columbia,SC,29204,Richland County,US,Match,Exact,71821629,R,45,079,003100,1045
Former Gettys Middle School,34.831371,-82.58255,1212 E Main St,Easley,SC,29640,Pickens County,US,Match,Non_Exact,26196088,R,45,077,010804,1010
139 West Main Street Property,34.883698,-82.70828,110 W Main St,Pickens,SC,29671,Pickens County,US,Tie,,,,,,,
Former Springs Industries Mill,34.548383,-80.580352,103 S Hart St,Kershaw,SC,29067,Lancaster County,US,Tie,,,,,,,
219 Hampton Street,34.924267,-81.027396,210 Hampton St,Rock Hill,SC,29730,York County,US,Match,Exact,19791636,R,45,091,060501,2029
215 Hampton Street,34.924267,-81.027396,210 Hampton St,Rock Hill,SC,29730,York County,US,Match,Exact,19791636,R,45,091,060501,2029
Raille Street Properties,34.998745,-81.237243,3 Charlotte St,York,SC,29745,York County,US,Match,Exact,19781898,L,45,091,061602,2013
NE Main Street at N A Street,34.831135,-82.601798,201 NE Main St,Easley,SC,29640,Pickens County,US,Tie,,,,,,,
Council on Aging,33.566072,-81.730018,825 Barnwell Ave NW,Aiken,SC,29801,Aiken County,US,Match,Exact,636583383,R,45,003,021401,1067
Birt Properties,32.867028,-79.988205,1911 Cornwell Ave,North Charleston,SC,29405,Charleston County,US,Match,Exact,108893630,L,45,019,003700,1001
Greenway - N. Pleasantburg Dr. to Millennium Blvd,34.81393,-82.324955,2 Research Dr,Greenville,SC,29607,Greenville County,US,Match,Exact,627757912,R,45,045,002811,2057
Corner of Haywood and Halton Rds.,34.836736,-82.345827,117 A Haywood Rd,Greenville,SC,29607,Greenville County,US,Match,Exact,38362588,R,45,045,001808,3009
322 Meadow St.,34.854276,-82.411664,308 Meadow St,Greenville,SC,29601,Greenville County,US,Match,Exact,647231135,R,45,045,000700,3011
Hampton Street Utility Alley,34.924693,-81.025852,212 101 Main St E,Rock Hill,SC,29730,York County,US,No_Match,,,,,,,
Poinsett Highway Site,34.920902,-82.37784,100 Paris Glen Way,Greenville,SC,29609,Greenville County,US,Match,Exact,38364438,R,45,045,002701,1052
ARG Properties,34.851846,-82.423692,41 E Main St,Greenville,SC,29611,Greenville County,US,Tie,,,,,,,
Former Commercial Printer,34.867391,-82.404211,10 Rutherford Rd,Greenville,SC,29609,Greenville County,US,Match,Exact,38333809,R,45,045,001000,1005
Greenville Goodwill,34.882381,-82.404463,1208 Poinsett Hwy,Greenville,SC,29609,Greenville County,US,Match,Exact,38298825,R,45,045,002304,2030
Aiken Landfill,33.573633,-81.698935,1000 Twilight Ln,Aiken,SC,29801,Aiken County,US,Match,Exact,640728958,R,45,003,021601,4016
Jackson Petroleum Co,33.556302,-81.708027,114 Williamsburg St SE,Aiken,SC,29801,Aiken County,US,Match,Exact,64992191,L,45,003,021401,2137
SCE&amp;G Crew Quarters Photos,33.569006,-81.708307,643 Saluda St NE,Aiken,SC,29801,Aiken County,US,Match,Non_Exact,64991944,R,45,003,021402,3005
Lyman Mills #2,34.946643,-82.122845,144 Groce St,Lyman,SC,29365,Spartanburg County,US,Match,Non_Exact,19463030,L,45,083,023104,2068
"1200, 1202, 1204 Laurens Rd",34.847335,-82.368811,1201 Laurens Rd,Greenville,SC,29607,Greenville County,US,No_Match,,,,,,,
American Thread,35.11588,-81.224488,100 Columbia St,Clover,SC,29710,York County,US,Match,Non_Exact,19798584,R,45,091,061801,1044
Holley House,33.560096,-81.722242,149 Bee Ln SW,Aiken,SC,29801,Aiken County,US,No_Match,,,,,,,
Sweat Properties,32.911468,-80.667708,726 N Jefferies Blvd,Walterboro,SC,29488,Colleton County,US,Match,Non_Exact,19156276,L,45,029,970502,1053
Former DHEC Building,33.872377,-79.756542,120 Epps St,Lake City,SC,29560,Florence County,US,Match,Exact,28910734,R,45,041,002204,1045
Wentworth Building,33.864973,-79.748687,424 Lyerly St,Lake City,SC,29560,Florence County,US,Match,Exact,28872897,R,45,041,002202,2020
Vacant Building - South Acline,33.872749,-79.754846,101 S Acline St,Lake City,SC,29560,Florence County,US,No_Match,,,,,,,
139 Sauls Street,33.873244,-79.754153,115 N Acline St,Lake City,SC,29560,Florence County,US,No_Match,,,,,,,
118 Sauls Street,33.873552,-79.754036,123 N Acline St,Lake City,SC,29560,Florence County,US,No_Match,,,,,,,
116 Sauls Street,33.873552,-79.754036,123 N Acline St,Lake City,SC,29560,Florence County,US,No_Match,,,,,,,
152 E Main Street,33.872186,-79.753516,130 E Main St,Lake City,SC,29560,Florence County,US,Tie,,,,,,,
148 E Main Street,34.343174,-79.166027,100 Shopping Center 9,Lake View,SC,29563,Dillon County,US,No_Match,,,,,,,
138 E Main Street,33.872045,-79.75335,136 E Main St,Lake City,SC,29560,Florence County,US,Tie,,,,,,,
134 E Main Street,34.343174,-79.166027,100 Shopping Center 9,Lake View,SC,29563,Dillon County,US,No_Match,,,,,,,
145 Sauls Street,33.873351,-79.753837,106 Sauls St,Lake City,SC,29560,Florence County,US,Match,Exact,28872223,R,45,041,002202,1023
121 S Acline Street,33.865728,-79.756289,220 Fairview St,Lake City,SC,29560,Florence County,US,Match,Exact,28871865,R,45,041,002202,2016
133A E Main Street,33.872537,-79.753987,112 E Main St,Lake City,SC,29560,Florence County,US,Tie,,,,,,,
410 W Main Street,33.877907,-79.768933,415 W Main St,Lake City,SC,29560,Florence County,US,Tie,,,,,,,
127 E Main Street,34.343174,-79.166027,100 Shopping Center 9,Lake View,SC,29563,Dillon County,US,No_Match,,,,,,,
342 S Ron McNair Blvd,33.871202,-79.761207,185 S Ron Mcnair Blvd,Lake City,SC,29560,Florence County,US,Tie,,,,,,,
131 Sauls Street,33.873244,-79.754153,115 N Acline St,Lake City,SC,29560,Florence County,US,No_Match,,,,,,,
127 Sauls Street,33.873244,-79.754153,115 N Acline St,Lake City,SC,29560,Florence County,US,No_Match,,,,,,,
207 John Street,33.874071,-79.757243,210 John St,Lake City,SC,29560,Florence County,US,Match,Exact,28871751,R,45,041,002204,1033
137 S McAlister Street,33.874197,-79.756104,154 W Main St,Lake City,SC,29560,Florence County,US,Tie,,,,,,,
124 E Main Street,34.343174,-79.166027,100 Shopping Center 9,Lake View,SC,29563,Dillon County,US,No_Match,,,,,,,
103 W Main Street,33.872761,-79.75427,102 E Main St,Lake City,SC,29560,Florence County,US,Tie,,,,,,,
202 Kelley Street,33.876787,-79.754561,215 Kelley St,Lake City,SC,29560,Florence County,US,Match,Exact,28910646,R,45,041,002204,1018
Arcade Textile Mill / Parcel 1,34.925535,-81.041164,5 Blackwell St,Rock Hill,SC,29730,York County,US,Match,Exact,19797411,L,45,091,060502,1000
Cotton Factory,34.930165,-81.027243,160 Village Way,Rock Hill,SC,29730,York County,US,Match,Exact,19816879,R,45,091,060501,3012
Printing and Finishing Co.,34.93308,-81.031889,378 White St W,Rock Hill,SC,29732,York County,US,No_Match,,,,,,,
Rock Hill Body Company,34.932463,-81.036723,622 Main St W,Rock Hill,SC,29732,York County,US,No_Match,,,,,,,
Health-Tex,35.023909,-81.813635,255 Foster St,Cowpens,SC,29330,Spartanburg County,US,Match,Exact,19470349,R,45,083,022202,1023
Norfolk Southern Railroad Property,34.500426,-82.649957,508 S Main St,Anderson,SC,29624,Anderson County,US,Match,Non_Exact,25452527,R,45,007,012300,1057
Anderson Mill,34.500426,-82.649957,508 S Main St,Anderson,SC,29624,Anderson County,US,Match,Non_Exact,25452527,R,45,007,012300,1057
Pickens Railway property,34.500426,-82.649957,508 S Main St,Anderson,SC,29624,Anderson County,US,Match,Non_Exact,25452527,R,45,007,012300,1057
Unisphere Chemical Company,35.016465,-81.802606,137 E Church St,Cowpens,SC,29330,Spartanburg County,US,Match,Exact,19473631,R,45,083,022202,3001
Lyman W Astewater Treatment Plant,34.947969,-82.123594,81 Groce Rd,Lyman,SC,29365,Spartanburg County,US,Match,Exact,19462992,L,45,083,023104,2018
Yemassee Chipper/Shredder Site,32.701345,-80.866905,315 Yemassee Hwy,Yemassee,SC,29945,Hampton County,US,Match,Exact,647424533,L,45,049,920300,2059
Elkay Industries,34.269433,-80.602891,298 Dicey Ford Rd,Camden,SC,29020,Kershaw County,US,Match,Exact,647254115,L,45,055,970500,2002
Walter Farms Bird Seed Co.,33.829393,-81.802835,213 Calhoun,Johnston,SC,29832,Edgefield County,US,Match,Non_Exact,55835191,R,45,037,970300,3022
Bibb Company,33.792458,-80.964421,139 Carolina Ln,Swansea,SC,29160,Calhoun County,US,Match,Exact,71409778,L,45,017,950100,3038
Gossett Street,34.477249,-82.647232,115 Dixie Dr,Anderson,SC,29624,Anderson County,US,Match,Exact,637708914,L,45,007,011902,1002
Lake Conestee,34.770082,-82.348253,40 Spanco Dr,Greenville,SC,29605,Greenville County,US,Match,Exact,651692140,L,45,045,002901,3001
National Fence Company,34.904345,-80.979731,320 102 Springdale Rd W,Rock Hill,SC,29730,York County,US,No_Match,,,,,,,
Arkwright Mill,33.609305,-80.952355,419 Graves Ln,Orangeburg,SC,29118,Orangeburg County,US,Match,Exact,615969403,L,45,075,010902,1039
Bomar Avenue Dump,33.609305,-80.952355,419 Graves Ln,Orangeburg,SC,29118,Orangeburg County,US,Match,Exact,615969403,L,45,075,010902,1039
Page Property,33.609305,-80.952355,419 Graves Ln,Orangeburg,SC,29118,Orangeburg County,US,Match,Exact,615969403,L,45,075,010902,1039
North Street Dump,34.950945,-81.929944,100 N Liberty St,Spartanburg,SC,29306,Spartanburg County,US,Match,Exact,19491385,R,45,083,021200,1082
Mitchell Property,33.609305,-80.952355,419 Graves Ln,Orangeburg,SC,29118,Orangeburg County,US,Match,Exact,615969403,L,45,075,010902,1039
Shelton Warehouse,34.595905,-81.445967,3704 Janie Glymph Goree Blvd,Carlisle,SC,29031,Union County,US,No_Match,,,,,,,
Moss Justice Center,34.984201,-81.205151,405 Langrum Branch Rd,York,SC,29745,York County,US,Match,Exact,640543302,R,45,091,061505,1007
Lancaster Belk Building,34.738979,-80.785751,509 Hubbard Dr,Lancaster,SC,29720,Lancaster County,US,Match,Exact,40692636,L,45,057,010900,1003
Greenville Transit Authority (GTA),34.856422,-82.400685,420 College St,Greenville,SC,29601,Greenville County,US,Match,Exact,38300752,R,45,045,001000,2012
301 Pendleton Street,34.848051,-82.441871,300 Pendleton Rd,Greenville,SC,29611,Greenville County,US,Match,Exact,38296155,R,45,045,002202,1006
CSX Rail Line/Swamp Rabbit,34.856422,-82.400685,420 College St,Greenville,SC,29601,Greenville County,US,Match,Exact,38300752,R,45,045,001000,2012
700/706 Green Avenue,34.833153,-82.414879,806 Green Ave,Greenville,SC,29605,Greenville County,US,Match,Exact,601201399,R,45,045,002108,1004
Mills Mill,34.856422,-82.400685,420 College St,Greenville,SC,29601,Greenville County,US,Match,Exact,38300752,R,45,045,001000,2012
Hilton Displays,34.848148,-82.39992,209 S Main St,Greenville,SC,29601,Greenville County,US,Tie,,,,,,,
Viola Street,34.860128,-82.400894,203 Viola St,Greenville,SC,29601,Greenville County,US,Match,Exact,38365397,R,45,045,001000,2005
Spring/McBee,34.848148,-82.39992,209 S Main St,Greenville,SC,29601,Greenville County,US,Tie,,,,,,,
Howard Properties,34.835702,-82.413306,2 Nelson St,Greenville,SC,29601,Greenville County,US,Match,Exact,38300405,R,45,045,000500,2020
Washington School,34.850677,-82.399242,2 S Main St,Greenville,SC,29601,Greenville County,US,Tie,,,,,,,
Additional CSX Rail Line,34.856422,-82.400685,420 College St,Greenville,SC,29601,Greenville County,US,Match,Exact,38300752,R,45,045,001000,2012
C&C Garage,34.848148,-82.39992,209 S Main St,Greenville,SC,29601,Greenville County,US,Tie,,,,,,,
700 East Stone Avenue,34.857927,-82.384782,701 A E Stone Ave,Greenville,SC,29601,Greenville County,US,No_Match,,,,,,,
Charleston County Landfill,33.609305,-80.952355,419 Graves Ln,Orangeburg,SC,29118,Orangeburg County,US,Match,Exact,615969403,L,45,075,010902,1039
Metal Trades,32.834815,-79.947672,1903 Pittsburgh Ave,North Charleston,SC,29405,Charleston County,US,Match,Exact,108805661,L,45,019,005400,2008
Carriggs Seafood,32.816411,-79.952325,2118 Heriot St,Charleston,SC,29403,Charleston County,US,Match,Exact,605688231,R,45,019,004400,1041
Charleston Oil Company,32.823944,-79.952113,1705 Meeting Street Rd,North Charleston,SC,29405,Charleston County,US,Match,Exact,108853829,R,45,019,004400,1033
Oil City Garage,32.793234,-79.947141,133 Line St,Charleston,SC,29403,Charleston County,US,Match,Exact,108807207,L,45,019,001000,1012
Mount Pleasant Street Texaco Service Station,32.812292,-79.953824,140 Magnolia Ave,Charleston,SC,29403,Charleston County,US,Match,Exact,108805939,R,45,019,001500,1002
1766 Meeting Street,32.825717,-79.951472,1944 Milford St,North Charleston,SC,29405,Charleston County,US,Match,Exact,108805672,L,45,019,005400,1047
1797 King Street Extension,32.823944,-79.952113,1705 Meeting Street Rd,North Charleston,SC,29405,Charleston County,US,Match,Exact,108853829,R,45,019,004400,1033
Williams Grocery,34.496711,-82.653571,402 W Franklin St,Anderson,SC,29624,Anderson County,US,Tie,,,,,,,
Morehead Oil Bulk Plant,34.294829,-81.623758,1622 Gulf St,Newberry,SC,29108,Newberry County,US,Match,Exact,649485049,L,45,071,950502,2024
Alicia Automotive,34.672588,-82.399008,8614 Augusta Rd,Pelzer,SC,29669,Greenville County,US,Match,Exact,640753219,L,45,045,003303,2018
Henry Wilson Station,34.105048,-80.163415,17 N Darlington Hwy,Bishopville,SC,29010,Lee County,US,No_Match,,,,,,,
Princes Grocery,34.649035,-81.763837,4222 Cross Keys Hwy,Union,SC,29379,Union County,US,Match,Exact,604737832,L,45,087,030700,3013
Bucks Grocery,34.186658,-80.475983,1365 State Rd S-28-18,Camden,SC,29020,Kershaw County,US,No_Match,,,,,,,
Interstate Truck Terminal,33.095655,-81.213601,NA US 301,Ulmer,SC,29849,Allendale County,US,No_Match,,,,,,,
Rohde Shop-Rite,32.893609,-80.663201,800 Proctor St,Walterboro,SC,29488,Colleton County,US,Match,Exact,19156328,L,45,029,970502,1044
Bobby Jones Grocery,34.241639,-80.60042,800 Fair St,Camden,SC,29020,Kershaw County,US,Match,Exact,78476565,R,45,055,970800,2003
Nickelpumper 233,32.631135,-80.87939,NA US 17,Yemassee,SC,29945,Jasper County,US,No_Match,,,,,,,
Garret's Service Station Property,34.506542,-82.024139,506 Church St,Laurens,SC,29360,Laurens County,US,Match,Exact,630102146,R,45,059,920400,1006
Carolina Milling Property,34.498343,-82.014517,109 South St,Laurens,SC,29360,Laurens County,US,Match,Exact,44430827,R,45,059,920400,2026
Hall Property,34.498377,-82.01004,308 E Main St,Laurens,SC,29360,Laurens County,US,Tie,,,,,,,
Todd Property,34.499114,-82.010368,269 E Main St,Laurens,SC,29360,Laurens County,US,Tie,,,,,,,
Arkwright Mills,34.927014,-81.930345,952 S Liberty St,Spartanburg,SC,29306,Spartanburg County,US,Match,Non_Exact,19513315,L,45,083,020900,1034
Big D's Restaurant,32.812297,-79.954722,950 Rutledge Ave,Charleston,SC,29403,Charleston County,US,Match,Exact,108805937,R,45,019,001500,1003
NAPA Auto Parts Store,34.499889,-82.014526,111 E Laurens St,Laurens,SC,29360,Laurens County,US,Tie,,,,,,,
Laurens Cleaners,34.499936,-82.014048,123 E Laurens St,Laurens,SC,29360,Laurens County,US,Match,Non_Exact,44444323,R,45,059,920400,2016
Campbells Service Center,33.326921,-81.791317,230 Main St,Jackson,SC,29831,Aiken County,US,Match,Exact,64972012,L,45,003,022100,2023
Bush Recycling,34.203478,-79.76644,455 N Dargan St,Florence,SC,29506,Florence County,US,Tie,,,,,,,
Tals Quick Shop,33.468711,-79.560132,1246 N Morgan Ave,Andrews,SC,29510,Georgetown County,US,Match,Non_Exact,29002495,R,45,043,920204,1000
C H Ragsdale Grocery,34.418446,-81.400723,2112 Old Blair Rd,Blair,SC,29015,Fairfield County,US,Match,Non_Exact,40607392,L,45,039,960100,1025
Lloyd Cannadys Place,33.753754,-82.202371,10805 US Hwy 221,Parksville,SC,29844,McCormick County,US,No_Match,,,,,,,
White's Convenience Store,32.60043,-81.159255,44 Calf Pen Bay Rd,Pineland,SC,29934,Jasper County,US,Match,Exact,33161470,R,45,053,950100,2041
Schumperts Store,34.216902,-81.507274,8895 Us76,Prosperity,SC,29127,Newberry County,US,No_Match,,,,,,,
Summers Store,34.292996,-81.125878,3529 Sc State Hwy 269 Tract B,Winnsboro,SC,29180,Fairfield County,US,Match,Exact,40610571,R,45,039,960502,1015
Former Oakland Avenue Station,34.931084,-81.024386,142 A Oakland Ave,Rock Hill,SC,29730,York County,US,Match,Exact,642585756,R,45,091,060501,3014
Seminole Mill,33.497033,-81.892059,142 Belvedere Rd,Beech Island,SC,29842,Aiken County,US,Match,Exact,64987231,R,45,003,021004,1003
Republic Mill #1,34.5647,-80.891195,32 S Dearborn St,Great Falls,SC,29055,Chester County,US,Tie,,,,,,,
Former BC Components,34.050551,-81.102676,1436 St Andrews Rd,Columbia,SC,29210,Richland County,US,No_Match,,,,,,,
Cook Street Landfill (Sumter Inert),33.906426,-80.358221,627 Cook St,Sumter,SC,29150,Sumter County,US,No_Match,,,,,,,
Town Center Mall 1.8 Acre Site 3b,34.920621,-81.012292,753 White St E,Rock Hill,SC,29730,York County,US,No_Match,,,,,,,
Dick's Motor Service (NAPA Building),33.03599,-81.231766,1098 W Main St,Sycamore,SC,29846,Allendale County,US,No_Match,,,,,,,
Safety Disposal Systems Storage Properties,32.874181,-81.109175,141 Mill St,Hampton,SC,29924,Hampton County,US,Match,Exact,648313935,R,45,049,920201,1065
Columbia College Parcels A & B,34.046071,-81.03324,1300 Columbia College Dr,Columbia,SC,29203,Richland County,US,Match,Exact,638981324,R,45,079,000200,2001
Olympia 1,33.985993,-81.033259,807 Whaley St,Columbia,SC,29201,Richland County,US,Match,Exact,608831939,L,45,079,002800,1017
Olympia 2,33.985382,-81.037763,500 Denmark St,Columbia,SC,29201,Richland County,US,Match,Exact,71827552,L,45,079,002800,1009
104 Rutherford Street,34.859861,-82.404803,35 Rutherford St,Greenville,SC,29609,Greenville County,US,Match,Exact,647207782,R,45,045,000900,1015
331 South Hudson Street,34.85052,-82.409888,320 S Hudson St,Greenville,SC,29601,Greenville County,US,No_Match,,,,,,,
40 Rutherford Street,34.859152,-82.404197,36 Rutherford St,Greenville,SC,29609,Greenville County,US,Match,Exact,647226981,L,45,045,001000,2005
Rhodes Properties,34.929124,-81.029669,135 Wilson St N,Rock Hill,SC,29730,York County,US,No_Match,,,,,,,
Melton Properties,34.928349,-81.028288,127 White St W,Rock Hill,SC,29730,York County,US,No_Match,,,,,,,
Givens Property,34.928141,-81.027804,119 White St W,Rock Hill,SC,29730,York County,US,No_Match,,,,,,,
Fewell Property,34.928141,-81.027804,119 White St W,Rock Hill,SC,29730,York County,US,No_Match,,,,,,,
Drake St. Property,33.982517,-80.958554,965 Drake St,Columbia,SC,29209,Richland County,US,Match,Exact,71829521,L,45,079,011603,2002
Former SDS Medical Waste Incinerator Site,32.871226,-81.098466,100 Nix St E,Hampton,SC,29924,Hampton County,US,Match,Exact,617449575,R,45,049,920201,2015
Feed and Seed Site,34.921681,-81.013971,702 White St E,Rock Hill,SC,29730,York County,US,No_Match,,,,,,,
Oakland Ave Site,34.927037,-81.024248,214 Oakland Ave S,Rock Hill,SC,29730,York County,US,Match,Non_Exact,19791482,R,45,091,060102,3014
Randy's Auto Parts,33.326351,-81.14354,421 US Hwy 78,Denmark,SC,29042,Bamberg County,US,No_Match,,,,,,,
Republic Mill #2,34.570723,-80.89527,1 Calhoun,Great Falls,SC,29055,Chester County,US,Match,Exact,40560058,L,45,023,021000,2041
159 Welborn Street,34.853017,-82.413675,147 Welborn St,Greenville,SC,29601,Greenville County,US,Match,Exact,38335688,L,45,045,000700,3010
1006 W. Washington Street,34.857469,-82.41215,1006 W Washington St,Greenville,SC,29601,Greenville County,US,Tie,,,,,,,
Springs Parking Lot,34.928968,-81.029096,140 Wilson St N,Rock Hill,SC,29730,York County,US,No_Match,,,,,,,
Former Williams Cotton Warehouse,34.928504,-81.024645,316 Dave Lyle Blvd,Rock Hill,SC,29730,York County,US,Match,Exact,19792025,R,45,091,060200,1011
Presto Property,34.929812,-81.029333,215 White St W,Rock Hill,SC,29730,York County,US,No_Match,,,,,,,
Hilton Property,34.929451,-81.029142,203 White St W,Rock Hill,SC,29730,York County,US,No_Match,,,,,,,
Pendleton Street Property,34.005469,-81.014153,2374 Graham's Aly,Columbia,SC,29205,Richland County,US,Match,Exact,71860087,L,45,079,001300,3007
Former Wellington Leisure Products,34.83451,-81.685397,202 B St,Jonesville,SC,29353,Union County,US,Match,Exact,19719617,L,45,087,030800,3011
5112 Julius Dixon Lane,34.052056,-81.039406,5108 Shady Grove St,Columbia,SC,29203,Richland County,US,Match,Exact,71871778,R,45,079,010600,3031
Toxaway Mill,34.502065,-82.629474,1223 E Whitner St,Anderson,SC,29624,Anderson County,US,Tie,,,,,,,
Pee Dee Community Action /Casten McDaniel Property,34.201032,-79.765866,310 N Dargan St,Florence,SC,29506,Florence County,US,Tie,,,,,,,
Chicora Tank Farm Property,32.846452,-79.966047,2798 US Hwy 52,North Charleston,SC,29405,Charleston County,US,No_Match,,,,,,,
Former Greenwood Mills Foundry,34.169018,-82.143541,1810 Main St S,Greenwood,SC,29646,Greenwood County,US,Match,Exact,50805079,L,45,047,970801,3013
Former Freight Depot Property,34.190417,-82.159769,323 Main St,Greenwood,SC,29646,Greenwood County,US,Match,Exact,50811167,R,45,047,970500,3028
Bluffton Landfill,32.231077,-80.911547,25 Foxchase Ln,Bluffton,SC,29910,Beaufort County,US,Match,Exact,647859372,L,45,013,002106,1024
Wildcat Creek at Arcade Textile Mill / Parcel 2,34.925535,-81.041164,5 Blackwell St,Rock Hill,SC,29730,York County,US,Match,Exact,19797411,L,45,091,060502,1000
McAbee Property,34.986774,-81.935725,873 Iron Ore Rd,Spartanburg,SC,29303,Spartanburg County,US,Match,Exact,19466732,R,45,083,021500,1001
818 Dixie Avenue,34.051748,-81.039295,5100 Shady Grove St,Columbia,SC,29203,Richland County,US,Match,Exact,71871778,R,45,079,010600,3031
2701 Decker Boulevard Parking Lot,34.062649,-80.954168,2759 Decker Blvd,Columbia,SC,29206,Richland County,US,Match,Exact,636860002,L,45,079,011306,1000
Palmetto Properties,34.199754,-79.768113,210 N Irby St,Florence,SC,29501,Florence County,US,Tie,,,,,,,
312 N Irby Street,34.200999,-79.768246,310 N Irby St,Florence,SC,29501,Florence County,US,Tie,,,,,,,
2701 Decker Boulevard Former Red Lobster,34.062649,-80.954168,2759 Decker Blvd,Columbia,SC,29206,Richland County,US,Match,Exact,636860002,L,45,079,011306,1000
2547 Decker Boulevard Former Olive Garden,34.059708,-80.951132,2614 Decker Blvd,Columbia,SC,29206,Richland County,US,Match,Exact,71867070,R,45,079,011304,4006
106 /154 Augusta Street,34.8423,-82.406666,154 Augusta St,Greenville,SC,29601,Greenville County,US,Match,Exact,38300961,R,45,045,000700,1029
McLeod Regional Developement Center & Abdallah Property,34.197426,-79.765918,101 E Evans St,Florence,SC,29506,Florence County,US,Match,Non_Exact,651045199,L,45,041,001000,2001
Fairgrounds,34.958063,-81.953781,720 Hayne St,Spartanburg,SC,29301,Spartanburg County,US,Match,Exact,19467314,R,45,083,021700,2051
Aden Bonded Warehouse,34.95511,-81.94828,170 Arch St,Spartanburg,SC,29303,Spartanburg County,US,No_Match,,,,,,,
Spartan Grain & Mill Co.,34.941919,-81.936227,457 S Daniel Morgan Ave,Spartanburg,SC,29306,Spartanburg County,US,Match,Non_Exact,19513248,R,45,083,020800,1016
Warrenville Tract,33.511401,-81.869803,105 Duncan Rd,Graniteville,SC,29829,Aiken County,US,Match,Exact,65027987,L,45,003,021001,4037
Beaumont - Mill Tract,34.961382,-81.925335,NA US 176,Spartanburg,SC,29303,Spartanburg County,US,No_Match,,,,,,,
Graniteville Lagoons,33.594498,-81.844266,263 Holly Meadows Dr,Graniteville,SC,29829,Aiken County,US,Match,Exact,65008936,L,45,003,020401,2016
Spartan Mills,34.956186,-81.939094,400 Magnolia St,Spartanburg,SC,29303,Spartanburg County,US,No_Match,,,,,,,
SCRA Property,33.98997,-81.030416,400 State Hwy 48,Columbia,SC,29202,Richland County,US,No_Match,,,,,,,
Colite Industries,33.986151,-81.076944,1401 Augusta Rd,West Columbia,SC,29169,Lexington County,US,Match,Exact,70055333,L,45,063,020601,1008
SE Electrical / USC Catawba,33.988453,-81.035234,400 Gadsden St,Columbia,SC,29201,Richland County,US,Match,Exact,604789161,R,45,079,002800,1011
Louries Bldg,34.006659,-81.035921,1600 Main St,Columbia,SC,29201,Richland County,US,Match,Exact,71820659,R,45,079,003100,2019
Roadway Inn,34.002621,-81.034098,1300 Main St,Columbia,SC,29201,Richland County,US,Match,Exact,71820794,R,45,079,003100,2032
Bethel AME Church/Renaissance Foundation,34.005775,-81.033709,1520 Sumter St,Columbia,SC,29201,Richland County,US,Match,Exact,639496419,R,45,079,003100,2021
Lincoln St. Property,34.001077,-81.039084,1300 Lincoln St,Columbia,SC,29201,Richland County,US,Match,Exact,71820675,R,45,079,001600,1040
Boozer Lumber,33.953668,-80.958173,1498 Atlas Rd,Columbia,SC,29209,Richland County,US,Match,Exact,622658824,L,45,079,011702,2009
Wiley St. Property,33.980868,-81.011941,1882 Wiley St,Columbia,SC,29205,Richland County,US,Match,Exact,647330575,R,45,079,002602,2025
SC Ag Lab,33.996538,-81.046172,1123 Williams St,Columbia,SC,29201,Richland County,US,Match,Exact,623981772,L,45,079,002900,1020
601 Catawba Property,33.986378,-81.036936,580 Catawba St,Columbia,SC,29201,Richland County,US,Match,Exact,71827550,R,45,079,002800,1009
Gervais St. Property,33.998547,-81.037989,900 Senate St,Columbia,SC,29201,Richland County,US,No_Match,,,,,,,
Main & Taylor Shoe Store,34.007959,-81.036491,1700 Main St,Columbia,SC,29201,Richland County,US,Match,Exact,71820657,R,45,079,003100,2016
622/624 Green Avenue,34.836168,-82.413112,614 Green Ave,Greenville,SC,29601,Greenville County,US,Match,Exact,38340226,R,45,045,000500,2020
Republic Mills Site,34.566068,-80.904618,960 US Hwy 21,Great Falls,SC,29055,Chester County,US,No_Match,,,,,,,
1801 Gervais Street Property,34.004274,-81.023934,1200 Barnwell St,Columbia,SC,29201,Richland County,US,Match,Exact,636580770,R,45,079,003100,1046
Brennan Building,34.00155,-81.033648,1233 Main St,Columbia,SC,29201,Richland County,US,Match,Exact,638642383,L,45,079,003100,2038
Law Range Building,34.009287,-81.037084,1800 Main St,Columbia,SC,29201,Richland County,US,Match,Exact,71820554,R,45,079,003100,2011
Phung Property,34.927715,-81.0273,135 Dave Lyle Blvd,Rock Hill,SC,29730,York County,US,Match,Exact,638744159,L,45,091,060501,3025
Curtiss-Wright Hanger,33.978045,-81.001357,1012 Airport Blvd,Columbia,SC,29205,Richland County,US,Match,Exact,71850641,L,45,079,002602,2034
Palmetto Club,34.002057,-81.032038,1240 Sumter St,Columbia,SC,29201,Richland County,US,Match,Exact,71820829,R,45,079,003100,2040
Creason Building,34.002057,-81.032038,1240 Sumter St,Columbia,SC,29201,Richland County,US,Match,Exact,71820829,R,45,079,003100,2040
Commercial Property 805 S Main St,34.49871,-82.648819,803 S Main St,Anderson,SC,29624,Anderson County,US,Match,Non_Exact,25452782,L,45,007,000600,1024
Former Globe Service Station,34.49266,-82.649585,1301 S Murray Ave,Anderson,SC,29624,Anderson County,US,Match,Non_Exact,25452649,L,45,007,000702,2000
S Murray Avenue Properties,34.495111,-82.650381,1102 S Murray Ave,Anderson,SC,29624,Anderson County,US,Match,Non_Exact,25452641,R,45,007,000702,1026
Hoopers Auto Service,34.497504,-82.648491,915 S Main St,Anderson,SC,29624,Anderson County,US,Match,Non_Exact,25452784,L,45,007,000600,1024
Former RACO Station,33.998263,-81.043291,626 US Hwy 378,Columbia,SC,29201,Richland County,US,No_Match,,,,,,,
Taylor St. Parking Lot,34.006659,-81.035921,1600 Main St,Columbia,SC,29201,Richland County,US,Match,Exact,71820659,R,45,079,003100,2019
Randolph Trucking (Commerce Dr.) Property,33.978496,-81.00994,2000 Commerce Dr,Columbia,SC,29205,Richland County,US,Match,Exact,71828380,R,45,079,002602,2023
Libert Hill Site,32.881019,-79.995172,1571 State Rd S-10-62,North Charleston,SC,29405,Charleston County,US,No_Match,,,,,,,
Liberty Hill Site,32.881019,-79.995172,1571 State Rd S-10-62,North Charleston,SC,29405,Charleston County,US,No_Match,,,,,,,
Former Dee's Service Station,32.856389,-79.969072,3230 State Rd S-10-32,North Charleston,SC,29405,Charleston County,US,No_Match,,,,,,,
Cone Mill,34.862795,-82.409364,11 Frank St,Greenville,SC,29601,Greenville County,US,Match,Exact,38299747,L,45,045,000900,1005
Former Springsteen Plant Property,34.705626,-81.207642,18 Spring St,Chester,SC,29706,Chester County,US,Match,Exact,40563648,L,45,023,020300,4026
Victor Mill,34.926919,-82.206568,224 Victor Ave Ext,Greer,SC,29651,Spartanburg County,US,Match,Non_Exact,618484739,L,45,083,023202,2011
Curtis Young Property,34.051536,-81.044756,600 Dartmouth Ave,Columbia,SC,29203,Richland County,US,Match,Exact,71842537,R,45,079,010600,3041
Arcade Textile Mill / Parcel 3,34.925535,-81.041164,5 Blackwell St,Rock Hill,SC,29730,York County,US,Match,Exact,19797411,L,45,091,060502,1000
"Masjid As-Salaam, Inc",34.051124,-81.044721,5137 State Hwy 215,Columbia,SC,29203,Richland County,US,No_Match,,,,,,,
Oakwood Commons Tract 2,33.996447,-81.102423,2367 Klapman Rd,West Columbia,SC,29169,Lexington County,US,Match,Exact,70054848,L,45,063,020505,1032
Western Auto,33.922464,-80.341705,132 N Main St,Sumter,SC,29150,Sumter County,US,Match,Non_Exact,202670786,L,45,085,001300,2008
Easter Seals Building,34.029126,-81.025789,3024 Farrow Rd,Columbia,SC,29203,Richland County,US,Match,Exact,637228801,R,45,079,000900,2033
Shaw Manufacturing Site,34.471922,-82.689573,397 Masters Blvd,Anderson,SC,29626,Anderson County,US,Match,Exact,25511520,R,45,007,012002,2039
Beaumont - Land Tract,34.963231,-81.926875,NA US 176,Spartanburg,SC,29303,Spartanburg County,US,No_Match,,,,,,,
CSX,34.948371,-81.936293,254 W Main St,Spartanburg,SC,29306,Spartanburg County,US,Tie,,,,,,,
Springs Industries Lancaster Mill,34.712431,-80.773225,1157 Skipper Ave,Lancaster,SC,29720,Lancaster County,US,Match,Exact,40709972,R,45,057,010800,4012
"Dewey Duckett, Jr.",34.050776,-81.044625,5116 State Hwy 215,Columbia,SC,29203,Richland County,US,No_Match,,,,,,,
Former Newsome Chevrolet Site,33.987641,-80.982917,4104 State Hwy 16 Con,Columbia,SC,29205,Richland County,US,Match,Exact,604771873,L,45,079,002605,4016
National Guard Armory,34.369689,-80.084203,541 Carolina Ave,Hartsville,SC,29550,Darlington County,US,Tie,,,,,,,
Home Avenue Property,34.380016,-80.062308,621 Home Ave,Hartsville,SC,29550,Darlington County,US,Tie,,,,,,,
Pedigreed 1  Property,34.355573,-80.057672,1301 4th St,Hartsville,SC,29550,Darlington County,US,Match,Non_Exact,78415064,R,45,031,010600,3072
Pedigreed 2 Property,34.371174,-80.074091,301 Sixth St,Hartsville,SC,29550,Darlington County,US,Match,Non_Exact,78393753,R,45,031,010700,1009
Hartsville Oil Mill Property,34.373204,-80.067498,330 Coker Ave,Hartsville,SC,29550,Darlington County,US,Match,Exact,78393693,L,45,031,010600,1057
Coker College Property,34.376053,-80.067785,315 E Carolina Ave,Hartsville,SC,29550,Darlington County,US,Match,Non_Exact,638927345,R,45,031,010600,1042
Poe Mill,34.858553,-82.405085,801 Buncombe St,Greenville,SC,29601,Greenville County,US,No_Match,,,,,,,
Cannon Roofing Property,34.948789,-81.923835,327 E Kennedy St,Spartanburg,SC,29302,Spartanburg County,US,Match,Non_Exact,19468631,R,45,083,021200,1114
Wakefield Buick Pontiac GMC,34.94876,-81.939039,163 Branch St,Spartanburg,SC,29301,Spartanburg County,US,Match,Exact,640664811,R,45,083,020500,1037
Proposed Blenheim School Site,34.501183,-79.649841,2630 State Hwy 38,Blenheim,SC,29516,Marlboro County,US,No_Match,,,,,,,
Former Raco Station,33.998263,-81.043291,626 US Hwy 378,Columbia,SC,29201,Richland County,US,No_Match,,,,,,,
Rownd Property,34.42481,-79.370489,817 N 3rd Ave,Dillon,SC,29536,Dillon County,US,Match,Non_Exact,28819275,L,45,033,970302,2038
Gregg Plant Tract,33.566961,-81.813509,665 Leitner St,Graniteville,SC,29829,Aiken County,US,Match,Exact,65028432,L,45,003,020402,2003
2510 North Main Street,34.019885,-81.041801,2500 US Hwy 21,Columbia,SC,29201,Richland County,US,No_Match,,,,,,,
209_217 Laurens Rd,34.831761,-82.348292,2405 Laurens Rd,Greenville,SC,29607,Greenville County,US,No_Match,,,,,,,
128 Biltmore Drive Property,34.834962,-82.397785,103 Biltmore Dr,Greenville,SC,29601,Greenville County,US,Match,Exact,642160412,L,45,045,000400,2010
320 South Hudson Street,34.849825,-82.409617,325 S Hudson St,Greenville,SC,29601,Greenville County,US,Match,Non_Exact,38299907,L,45,045,000700,1003
Washington and Hudson Street Properties,34.853964,-82.407233,570 W Washington St,Greenville,SC,29601,Greenville County,US,Tie,,,,,,,
Fairforest Way Properties,34.787871,-82.349905,466 Fairforest Way,Greenville,SC,29607,Greenville County,US,Match,Exact,627757659,L,45,045,002901,1001
Mayberry Street Properties,34.853862,-82.417433,197 Willard St,Greenville,SC,29611,Greenville County,US,Match,Exact,38299814,L,45,045,000700,3021
Granite Plant Tract,33.566961,-81.813509,665 Leitner St,Graniteville,SC,29829,Aiken County,US,Match,Exact,65028432,L,45,003,020402,2003
Post & Courier Property,32.796454,-79.940365,492 Meeting St,Charleston,SC,29403,Charleston County,US,Match,Exact,108806983,R,45,019,001000,1000
Former Milliken Plant,33.647031,-79.819328,198 Milliken Dr,Kingstree,SC,29556,Williamsburg County,US,Match,Exact,29189929,L,45,089,970501,4026
Former Butler High School,34.364336,-80.071768,748 Sixth St,Hartsville,SC,29550,Darlington County,US,Match,Non_Exact,78395331,L,45,031,010700,1022
Shipwatch Square,32.858679,-79.982705,3680 US Hwy 78,North Charleston,SC,29405,Charleston County,US,No_Match,,,,,,,
Pressley Property,32.83939,-79.962149,2426 US Hwy 52,North Charleston,SC,29405,Charleston County,US,No_Match,,,,,,,
Multi-Tenant Retail Building,33.998547,-81.037989,900 Senate St,Columbia,SC,29201,Richland County,US,No_Match,,,,,,,
806 Green Avenue Property,34.833555,-82.414111,806 Green Ave,Greenville,SC,29605,Greenville County,US,Match,Exact,601201399,R,45,045,002108,1004
1527 Charleston Highway Property,33.971998,-81.076925,U1525 Charleston Hwy,West Columbia,SC,29169,Lexington County,US,No_Match,,,,,,,
Former Fox Theater,34.007959,-81.036491,1700 Main St,Columbia,SC,29201,Richland County,US,Match,Exact,71820657,R,45,079,003100,2016
107 Pete Hollis Blvd.,34.862786,-82.407919,3 James St,Greenville,SC,29609,Greenville County,US,Match,Exact,38299751,L,45,045,000900,1002
Markley Street Properties,34.845694,-82.410095,120 N Markley St,Greenville,SC,29601,Greenville County,US,Match,Non_Exact,38299976,R,45,045,000700,1041
Springfield Holt Property,33.664459,-79.828814,100 Hampton Ave,Kingstree,SC,29556,Williamsburg County,US,Match,Exact,29190525,R,45,089,970601,3026
Former Belk Property,33.664459,-79.828814,100 Hampton Ave,Kingstree,SC,29556,Williamsburg County,US,Match,Exact,29190525,R,45,089,970601,3026
Former City Hall Property,32.878872,-80.013221,4904 Lacross Rd,Charleston,SC,29406,Charleston County,US,No_Match,,,,,,,
Hess Property,32.889502,-79.972865,5149 Virginia Ave,North Charleston,SC,29405,Charleston County,US,Match,Exact,615115914,R,45,019,003400,4038
Amtrak Station & CSX Right-of-Way,32.873646,-79.996724,4562 Gaynor St,North Charleston,SC,29405,Charleston County,US,Match,Exact,619858023,R,45,019,003300,4010
Park South Tract,32.864164,-79.979565,3787 State Rd S-10-32,North Charleston,SC,29405,Charleston County,US,No_Match,,,,,,,
SCE&G - Stall Road Property,32.926352,-80.051019,7125 Stall Rd,Charleston,SC,29406,Charleston County,US,Match,Exact,622666923,R,45,019,003104,1036
City Market Arts & Antiques,34.000585,-81.040674,1300 Gadsden St,Columbia,SC,29201,Richland County,US,Match,Exact,71820673,R,45,079,001600,1041
Oscar Street Properties,34.852097,-82.407955,20 Mayfield St,Greenville,SC,29601,Greenville County,US,Match,Exact,38299918,R,45,045,000700,1002
Garners Ferry Road Properties,33.944179,-80.913804,1111 Old Garners Ferry Rd,Columbia,SC,29209,Richland County,US,Match,Non_Exact,71831052,L,45,079,011901,4027
916-924 GERVAIS STREET PROPERTIES,34.001571,-81.037475,1300 Park St,Columbia,SC,29201,Richland County,US,Match,Exact,71820690,R,45,079,003100,2035
Meeting Street Properties,33.987659,-81.077089,200 N Parson St,West Columbia,SC,29169,Lexington County,US,Tie,,,,,,,
Babcock Center?s David E. Stewart Facility,34.056936,-81.048216,5437 Ridgewood Camp Rd,Columbia,SC,29203,Richland County,US,Match,Exact,71818704,L,45,079,000300,1002
,0,0,NA NA,,,,,,No_Match,,,,,,,
