X,Y,OBJECTID,NAME,STREET,CITY,STATE,ZIP,COUNTY,MAIL_PHONE,WEBSITE,OPEN_JAN,OPEN_FEB,OPEN_MAR,OPEN_APR,OPEN_MAY,OPEN_JUN,OPEN_JUL,OPEN_AUG,OPEN_SEP,OPEN_OCT,OPEN_NOV,OPEN_DEC,CASH,CHECK_,CREDIT,DEBIT,OTHER_PAY,WIC,SENIOR,SNAP_EBT,SNAP_TRANS,H_BUCKS,lat,long,geo_method
-9023939.764,3935646.151,9584,B & J Produce,13739 Heritage Hwy,Bamberg,SC,29003,BAMBERG,8032454828,,NO,NO,NO,YES,YES,YES,YES,NO,NO,NO,NO,NO,YES,YES,NO,NO,NO,NO,NO,NO,,,33.303722,-81.0605,census
-8952529.942,3954013.791,9585,Vance Farmers Market,10324 Old Number Six Hwy,Vance,SC,29163,ORANGEBURG,8034923021,,YES,YES,YES,YES,YES,YES,YES,YES,YES,YES,YES,YES,YES,YES,YES,YES,NO,YES,YES,YES,HANDLED BY INDIVIDUAL VENDOR,,33.442168,-80.421936,osm
-8912687.781,3856962.533,9588,Johns Island Farmers Market Chareston Collegiate School Campus,2024 Academy Rd.,Johns Island,SC,29455,CHARLESTON,8438300866,http://www.johnsislandfarmersmarket.com,NO,NO,YES,YES,YES,YES,YES,YES,YES,YES,YES,YES,YES,YES,YES,YES,NO,NO,NO,YES,HANDLED THROUGH OUTLET-WIDE PROGRAM,YES,32.709194,-80.06504,census
-9051093.868,3896289.616,9592,Allendale Open Air Market,5789 Allendale Fairfax Hwy,Allendale,SC,29810,ALLENDALE,8035844556,,NO,NO,NO,YES,YES,YES,YES,YES,YES,YES,NO,NO,YES,NO,NO,NO,NO,NO,YES,NO,,,32.9807319,-81.2687272,osm
-8981222.153,3820394.12,9594,Downtown Beaufort Farmers Market,1501 Bay Street,Beaufort,SC,29902,BEAUFORT,(843)525-6162 OR (803)600-6049,http://www.downtownbeaufort.com/,NO,NO,NO,NO,YES,YES,YES,YES,YES,YES,NO,NO,YES,YES,YES,YES,NO,YES,YES,YES,HANDLED BY INDIVIDUAL VENDOR,,32.433228,-80.67861,census
-8995826.341,3843773.254,9596,Four Seasons Produce Market,1611 Trask Pkwy,Lobeco,SC,29931,BEAUFORT,8438462777,,YES,YES,YES,YES,YES,YES,YES,YES,YES,YES,YES,YES,YES,YES,YES,YES,NO,YES,YES,YES,HANDLED BY INDIVIDUAL VENDOR,,32.57233697,-80.74346734,osm
-8905938.583,3920898.535,9597,Moncks Corner Farmer's Market,418 E.Main St.,Moncks Corner,SC,29461,BERKELEY,8438994708,http://www.monckscornersc.gov/farmers-market,NO,NO,NO,YES,YES,YES,YES,YES,YES,YES,YES,YES,YES,YES,YES,YES,NO,YES,YES,YES,HANDLED BY INDIVIDUAL VENDOR,,33.1925269,-80.00321548,osm
-8926983.88,3943748.533,9598,Cross Community Center's Farmer's Market,1690 Old Hwy 6,Cross,SC,29436,BERKELEY,8437532196,,NO,NO,NO,NO,NO,YES,YES,YES,NO,NO,NO,NO,YES,YES,YES,YES,NO,YES,YES,YES,HANDLED THROUGH OUTLET-WIDE PROGRAM,,33.363518,-80.19132,census
-8908435.617,3892474.93,9599,Goose Creek Farmer's Market,150 Howe Hall Rd.,Goose Creek,SC,29445,BERKELEY,8432248533,,NO,NO,NO,YES,YES,YES,YES,YES,YES,NO,NO,NO,YES,YES,YES,YES,NO,YES,YES,YES,HANDLED BY INDIVIDUAL VENDOR,,32.97933,-80.02503,census
-8891446.189,3867622.565,9601,Mount Pleasant Farmers Market,645 Coleman Blvd.,Mount Pleasant,SC,29464,CHARLESTON,8438848517,http://www.experiencemountpleasant.com,NO,NO,NO,YES,YES,YES,YES,YES,YES,NO,NO,NO,YES,NO,YES,YES,NO,YES,YES,YES,HANDLED BY INDIVIDUAL VENDOR,YES,32.79136713,-79.87254835,osm
-8898369.871,3866984.69,9602,Charleston Farmers Market,328 Meeting St,Charleston,SC,29403,CHARLESTON,8437247309,http://www.charlestonfarmersmarket.com/westashley/,NO,NO,NO,YES,YES,YES,YES,YES,YES,YES,YES,YES,YES,YES,YES,YES,NO,YES,YES,YES,HANDLED BY INDIVIDUAL VENDOR,,32.787136,-79.93455,census
-8899741.429,3866823.517,9603,Musc Farmers Market,171 Ashley Ave.  In Front Of Colbert Library,Charleston,SC,29425,CHARLESTON,8437929536,http://www.musc.edu/employeewellness,YES,YES,YES,YES,YES,YES,YES,YES,YES,YES,YES,YES,YES,YES,YES,YES,NO,YES,YES,YES,INDIVIDUAL,,32.785675,-79.946686,census
-8901617.05,3857956.832,9604,James Island Presbyterian Church Fm Seeds Of Hope,1632 Fort Johnson Rd.,Charleston,SC,29412,CHARLESTON,843-795-3111,,YES,YES,YES,YES,YES,YES,YES,YES,YES,YES,YES,YES,YES,YES,NO,NO,NO,NO,YES,NO,INDIVIDUAL,,32.717525,-79.964424,census
-8942785.863,3839745.197,9605,King's Farm Market,2559 Hwy 174,Edisto Island,SC,29438,CHARLESTON,8438693600,http://www.kingsfarmmarket.com,NO,YES,YES,YES,YES,YES,YES,YES,YES,YES,YES,YES,YES,YES,YES,YES,NO,YES,YES,YES,HANDLED BY INDIVIDUAL VENDOR,,32.581123,-80.334015,census
-8922136.46,3843214.84,9606,Freshfields Village Green Farmers Market,165 Village Green Ln.,Kiawah Island,SC,29455,CHARLESTON,8437686491,http://www.freshfieldsvillage.com,NO,NO,NO,NO,NO,YES,YES,YES,NO,NO,NO,NO,YES,NO,YES,YES,NO,NO,NO,NO,,,32.606728,-80.14868,census
-8971641.901,3921146.176,9610,St. George Farmers' Market,5866 Jim Bilton Blvd,St. George,SC,29477,DORCHESTER,8435633032,,NO,NO,NO,NO,YES,NO,NO,NO,NO,NO,NO,NO,YES,YES,YES,YES,NO,YES,YES,YES,HANDLED BY INDIVIDUAL VENDOR,,33.19376,-80.591576,census
-9015471.368,3825137.676,9612,Jasper County Farmer's Market,9935 Jacob Smart Blvd,Ridgeland,SC,29936,JASPER,(843)726-8127 or (843)717-3690,,NO,NO,NO,YES,YES,YES,YES,YES,YES,YES,NO,NO,YES,YES,NO,NO,NO,YES,YES,NO,,,32.4700522,-80.98781428,osm
-9046779.207,3960915.101,9613,Whittle Farm Market,9261 Neeses Hwy,Springfield,SC,29146,ORANGEBURG,8035339683,,NO,NO,NO,NO,NO,YES,YES,YES,YES,YES,NO,NO,YES,YES,YES,YES,NO,YES,YES,YES,HANDLED BY INDIVIDUAL VENDOR,YES,33.493378,-81.269165,census
-8998990.996,3965612.216,9614,Right Choice Fresh Start Farmer's Market,3310 Magnolia St.,Orangeburg,SC,29115,ORANGEBURG,803-219-7009,,NO,NO,NO,NO,NO,YES,YES,YES,YES,YES,YES,YES,YES,YES,YES,YES,NO,YES,YES,YES,HANDLED THROUGH OUTLET-WIDE PROGRAM,YES,33.52709,-80.840004,census
-8974430.605,3809327.791,9616,Otis Daise Sr. & Son Produce,113 Peaches Hill Cir.,St. Helena Island,SC,29920,BEAUFORT,8432636145,,YES,YES,YES,YES,YES,YES,YES,YES,YES,YES,YES,YES,YES,YES,YES,YES,NO,YES,YES,YES,YES,,32.35011,-80.61837,census
-8903863.2,3879576.999,9621,North Charleston Farmers Market,4800 Park Cir.,North Charleston,SC,29405,CHARLESTON,8437405853,http://www.northcharleston.org/residents/special-events/farmers-market,NO,NO,NO,NO,YES,YES,YES,YES,YES,YES,NO,NO,YES,,YES,YES,PAY PAL,YES,YES,YES,INDIVIDUAL,YES,32.8804352,-79.9860378,osm
-8936306.75,3834577.835,9622,George And Pink Vegetable Stand,7971 Eddingsville Beach Rd.,Edisto Island,SC,29438,CHARLESTON,8438692425,,YES,YES,YES,YES,YES,YES,YES,YES,YES,YES,YES,YES,YES,YES,NO,NO,NO,YES,YES,NO,,,32.540413,-80.27532,census
-8906695.869,3867153.128,9623,West Ashley Farmer Market,55 Sycamore Ave,Charleston,SC,29407,CHARLESTON,,http://www.charlestonfarmersmarket.com/westashley/,NO,NO,NO,YES,YES,YES,YES,YES,YES,YES,YES,NO,YES,YES,YES,YES,,YES,YES,YES,HANDLED BY INDIVIDUAL VENDOR,YES,32.78886422,-79.99098986,osm
-9001728.716,3960281.53,9624,Dora Farmer's Market,152 Market Street,Orangeburg,SC,29115,ORANGEBURG,,,NO,NO,NO,NO,YES,YES,YES,YES,NO,NO,NO,NO,YES,NO,YES,YES,NO,YES,,YES,INDIVIDUAL,,33.488434,-80.86363,census
-8886754.333,3864046.293,9625,Sullivan's Island Farmer's Market,1921 I'On Ave,Sullivan'S Island,SC,29482,CHARLESTON,8438835744,http://sullivansisland-sc.com/farmersmarket.aspx,NO,NO,NO,YES,YES,YES,NO,NO,NO,NO,NO,NO,YES,YES,YES,YES,,NO,NO,NO,,,32.7595,-79.84218,census
-8904134.93,3863761.267,9626,Sunday Brunch Farmers Market,1977 Maybank Highway Pour House,James Island,SC,29412,CHARLESTON,843-580-2153,http://www.sundaybrunchfarmersmarket.com,NO,YES,YES,YES,YES,YES,YES,YES,YES,YES,YES,YES,YES,YES,YES,YES,NO,NO,NO,NO,,,32.762455,-79.98674,census
-8932951.988,3888574.605,9629,Summers Corner,1609 Beech Hill Road,Summerville,SC,29483,DORCHESTER,,http://summerscorner.com,NO,NO,NO,YES,YES,YES,YES,YES,YES,NO,NO,NO,YES,YES,YES,YES,,YES,YES,YES,INDIVIDUAL,YES,32.9888304,-80.1331216,osm
-8916956.717,3859301.926,9631,Stono Market And Tomato Shed Cafe,842 Main Road,Johns Island,SC,29455,CHARLESTON,843-559-9999,http://www.stonofarmmarket.com,YES,YES,YES,YES,YES,YES,YES,YES,YES,YES,YES,YES,YES,YES,YES,YES,,NO,NO,NO,,,32.76281,-80.10647,census
-8936641.592,3834737.726,9632,Geechie Boy Mill And Market,2975 Highway 174,Edisto Island,SC,29438,CHARLESTON,843-209-5220,http://www.geechieboymill.com,NO,NO,YES,YES,YES,YES,YES,YES,YES,YES,YES,YES,YES,YES,YES,YES,N/A,NO,NO,NO,,,32.59729715,-80.34651891,osm
-8916284.474,3858949.612,9634,Main Road Farmers Market,155 Main Rd,Johns Island,SC,29455,CHARLESTON,843-442-9281,http://mainroadfarmersmarke.wixsite.com/main-road-market,NO,NO,YES,YES,YES,YES,YES,YES,YES,YES,YES,YES,YES,YES,YES,YES,NO,NO,NO,NO,,,32.80058012,-80.10879246,osm
-8990614.172,3833004.885,9635,Rest Park Farm,191 Seabrook Road,Seabrook,SC,29920,BEAUFORT,843-592-3535,http://www.certifiedscgrown.com/members/rest-park-farms/?parent_id=6912,NO,NO,NO,YES,YES,YES,YES,YES,YES,YES,YES,YES,YES,NO,YES,YES,,NO,NO,NO,,,32.529583,-80.763626,census
-8970825.15,3912411.622,9636,Gruber Farm,1534 Hwy 15,St. George,SC,29477,DORCHESTER,,http://gruber-csa-farm.com/,NO,NO,NO,YES,YES,YES,YES,YES,YES,YES,YES,NO,YES,YES,YES,YES,,YES,YES,YES,HANDLED BY INDIVIDUAL VENDORS,,33.22512,-80.54004,census
-8943031.684,3929543.071,9637,Hickory Bluff Berry Farm,3019 Old Gillard Road,Holy Hill,SC,29059,BERKELEY,,http://hickorybluffnurseryandberryfarm.com/,YES,YES,YES,YES,YES,YES,YES,YES,YES,YES,YES,YES,YES,,YES,YES,,NO,NO,NO,,,33.258644,-80.33624,census
-8924710.811,3898922.739,9638,Coastal Produce Market,500 North Cedar Street,Summerville,SC,29483,DORCHESTER,,http://agriculture.sc.gov/roadside-markets/coastal-produce/,YES,YES,YES,YES,YES,YES,YES,YES,YES,YES,YES,YES,YES,NO,YES,YES,,NO,NO,YES,HANDLED BY INDIVIDUAL VENDORS,,33.02621,-80.17282,census
-8925567.135,3897403.754,9639,Summerville Farmers Market,218 South Main Street,Summerville,SC,29483,DORCHESTER,,http://summervillesc.gov/267/farmers-market,NO,NO,NO,YES,YES,YES,YES,YES,YES,YES,YES,YES,YES,YES,YES,YES,,YES,YES,YES,HANDLED BY INDIVIDUAL,,33.018215,-80.176414,census
-9025155.304,3800368.796,9640,Hardeeville Farmers Market,205 Main Street,Hardeeville,SC,29927,JASPER,843-227-4314,,NO,NO,NO,NO,NO,YES,YES,YES,YES,YES,NO,NO,YES,NO,NO,NO,,YES,YES,NO,,,32.282692,-81.075584,census
-8989543.543,3784284.193,9641,The Market Village Of Wexford,1000 William Hilton Parkway,Hilton Head,SC,29928,BEAUFORT,,http://villageatwexford.com,NO,NO,NO,NO,YES,YES,YES,YES,NO,NO,NO,NO,YES,NO,NO,NO,,YES,YES,NO,NO,,32.15676,-80.75858,census
-8914422.707,3862842.805,9642,Blackbird Market,1808 Bohicket Road,John'S Island,SC,29455,CHARLESTON,843-559-0193,,YES,YES,YES,YES,YES,YES,YES,YES,YES,YES,YES,YES,YES,YES,YES,YES,N/A,NO,NO,YES,OUTLET WIDE,,32.715109,-80.0747488,osm
-8903950.834,3861237.628,9643,The Town Market On James Island,871 Fort Johnson Road,James Island,SC,29412,CHARLESTON,843-471-7845,,YES,YES,YES,YES,YES,YES,YES,YES,YES,YES,YES,YES,YES,YES,YES,YES,N/A,NO,NO,NO,,,32.730595,-79.92819,census
-8900205.42,3861161.191,9644,Nano Farms Farm Stand,1444 Folly Rd,Charleston,SC,29412,CHARLESTON,843-471-7845,,YES,YES,YES,YES,YES,YES,YES,YES,YES,YES,YES,YES,YES,YES,NO,NO,NO,NO,NO,NO,,,32.71397541,-79.96489284,osm
-8893002.003,3879554.168,9645,Daniel Island Farmer's Market,860 Island Park Drive  Refuel Service Station,Daniel Island,SC,29492,BERKELEY,843-971-4405,http://www.dicommunity.org,NO,NO,NO,NO,YES,YES,YES,YES,YES,YES,YES,YES,YES,YES,YES,YES,N/A,NO,NO,NO,,,32.862988,-79.90578,census
-8997023.244,3856909.699,9646,Muddy Creek Farmers Market,3449 Highway 651,Cottageville,SC,29435,COLLETON,910-376-1009,,NO,NO,NO,YES,YES,YES,YES,NO,NO,NO,NO,NO,YES,NO,YES,YES,NO,NO,NO,NO,,,32.9550869,-80.4867817,osm
-8877866.516,3887061.303,9647,Blue Pearl Farms,9760 Randall Road,Mcclellanville,SC,29458,CHARLESTON,843-887-3554,http://bluepearlfarms.com/Home_Page.html,YES,YES,YES,YES,YES,YES,YES,YES,NO,NO,NO,NO,YES,YES,YES,YES,NO,NO,NO,NO,,,33.095863,-79.504005,census
-8904790.316,3878766.829,9651,Fresh Future Farm,2008 Success St,North Charleston,SC,29405,CHARLESTON,843-804-9091,http://freshfuturefarm.org,YES,YES,YES,YES,YES,YES,YES,YES,YES,YES,YES,YES,YES,NO,YES,YES,"SNAP,EBT",NO,NO,YES,INDIVIDUAL VENDOR,,32.853558,-79.97053,census
-8947593.857,3860741.425,9652,Jeremiah Fresh Produce,5225 Hwy 174,Adams Run,SC,29426,CHARLESTON,843-513-8923,,YES,YES,YES,YES,YES,YES,YES,YES,YES,YES,YES,YES,YES,NO,NO,NO,NO,NO,NO,NO,,,32.72189,-80.35039,census
-8915242.962,3855056.882,9653,Legare Farms,2620 Hanscombe Point Rd,John'S Island,SC,29455,CHARLESTON,8435590788,http://www.legarefarms.com,YES,YES,YES,YES,YES,YES,YES,YES,YES,YES,YES,YES,YES,YES,YES,YES,N/A,NO,NO,NO,,,32.67869,-80.0253,census
-8980381.164,3917754.441,9654,Cordray Farms And Processing,6708 County Line Rd,Ravenel,SC,29410,DORCHESTER,843-766-7922,,YES,YES,YES,YES,YES,YES,YES,YES,YES,YES,YES,YES,YES,YES,YES,YES,NO,NO,NO,NO,,,32.843494,-80.27585,census
-9007999.238,3953572.663,9656,Livingston Farms,3371 Savannah Highway,North,SC,29112,ORANGEBURG,803-568-3165,,NO,NO,NO,NO,YES,YES,YES,YES,NO,NO,NO,NO,YES,NO,NO,NO,NO,NO,NO,NO,,,33.66709,-81.11076,census
-8892238.265,4122771.012,9660,Cheraw Farmers Market,105 Front St.,Cheraw,SC,29520,CHESTERFIELD,843-910-4478 or 843-537-8425,,NO,NO,NO,YES,YES,YES,YES,YES,YES,NO,NO,NO,YES,YES,YES,NO,NO,YES,YES,NO,N/A,NO,34.697075,-79.880295,census
-8914813.295,4074480.739,9662,Dixon Produce,448 W.Bobo Newsome Hwy,Hartsville,SC,29550,DARLINGTON,843-309-4262,,NO,NO,NO,NO,YES,YES,YES,YES,YES,YES,NO,NO,YES,YES,NO,NO,NO,NO,NO,NO,N/A,NO,34.33919793,-80.08092849,osm
-9091173.625,4140285.587,9663,Veggie Patch,385 Poplar St.,Jonesville,SC,29353,UNION,,,NO,NO,NO,NO,NO,NO,NO,NO,NO,NO,NO,NO,YES,NO,NO,NO,NO,YES,NO,NO,,,34.826454,-81.66745,census
-9217274.8,4106981.997,9666,Split Creek Farm,3806 Centerville Rd.,Anderson,SC,29625,ANDERSON,8642873921,http://www.splitcreek.com,YES,YES,YES,YES,YES,YES,YES,YES,YES,YES,YES,YES,YES,NO,YES,YES,NO,NO,NO,NO,,,34.580135,-82.803055,census
-8913710.653,4079182.823,9673,Hartsville Farmers Market,100 East Carolina Ave.,Hartsville,SC,29550,DARLINGTON,843-383-3015,https://mainstreethartsville.org/programs/farmers-markets/,NO,NO,NO,YES,YES,YES,YES,YES,YES,YES,YES,YES,YES,YES,YES,YES,NO,NO,NO,NO,N/A,NO,34.374348,-80.07307,census
-9175178.158,4146215.064,9678,Swamp Rabbit Cafe And Grocery,205 Cedar Lane Rd.,Greenville,SC,29611,GREENVILLE,,http://www.swamprabbitcafe.com,YES,YES,YES,YES,YES,YES,YES,YES,YES,YES,YES,YES,YES,NO,YES,YES,NO,NO,NO,YES,,,34.87056,-82.42151,census
-9100926.714,3983375.567,9683,Garret And Son,2334 Edgefield Hwy,Aiken,SC,29801,AIKEN,8032705664,,NO,NO,NO,NO,NO,YES,YES,YES,NO,NO,NO,NO,YES,YES,NO,NO,NO,NO,NO,NO,,,33.635974,-81.737618,osm
-9097441.182,3963765.218,9684,Woods Market And Garden,951 Dougherty Rd.,Aiken,SC,29803,AIKEN,8034439676,,YES,YES,YES,YES,YES,YES,YES,YES,YES,YES,YES,YES,YES,YES,YES,YES,NO,NO,NO,NO,,,33.514523,-81.72365,census
-9201865.995,4100712.676,9685,Concord Market,208 Concord Rd.,Anderson,SC,29621,ANDERSON,864-245-3910,,NO,NO,NO,YES,YES,YES,YES,YES,YES,YES,YES,YES,YES,YES,YES,YES,NO,NO,NO,NO,,,34.5335,-82.66277,census
-9172080.962,4123695.459,9687,South Greenville Farmers Market,7788 Augusta Rd.,Piedmont,SC,29673,GREENVILLE,,,NO,NO,NO,NO,NO,YES,YES,YES,YES,YES,NO,NO,YES,YES,NO,NO,NO,NO,NO,NO,,,34.70643,-82.391594,census
-8913420.409,4075756.706,9688,South 5th Street Open Air Market,1616 South 5Th St.,Hartsville,SC,29550,DARLINGTON,8433329300,,YES,YES,YES,YES,YES,YES,YES,YES,YES,YES,YES,YES,YES,YES,YES,YES,NO,NO,NO,NO,,NO,34.352055,-80.06945,census
-8795403.572,3973107.819,9689,Angela's Fresh Market,611 Atlantic Ave,Garden City,SC,29576,HORRY,8436515018,,NO,NO,NO,YES,YES,YES,YES,YES,YES,YES,YES,NO,YES,NO,YES,YES,NO,NO,NO,NO,,NO,33.58393,-79.00956,census
-8796319.349,4001682.815,9691,Ann's Produce,720 Hwy 544,Conway,SC,29526,HORRY,8432342030,,NO,NO,NO,YES,YES,YES,YES,YES,YES,NO,NO,NO,YES,YES,NO,NO,NO,NO,NO,NO,N/A,NO,33.7988,-79.01863,census
-8789271.333,3979959.758,9692,Davis Produce,5832 S.Kings Hwy,Myrtle Beach,SC,29575,HORRY,843-222-1971,,NO,NO,YES,YES,YES,YES,YES,YES,YES,YES,NO,NO,YES,NO,YES,YES,NO,NO,NO,NO,N/A,NO,33.641197,-78.94856,census
-8779482.148,3990137.123,9694,Myrtle Beach Produce,609 29Th Ave. N.,Myrtle Beach,SC,29577,HORRY,843-492-5012,http://www.myrtlebeachproduce.com,NO,YES,YES,YES,YES,YES,YES,YES,YES,YES,YES,NO,YES,YES,NO,NO,NO,NO,NO,NO,N/A,NO,33.711468,-78.866776,census
-8812415.13,4021253.4,9695,Mr Potato Head Produce,211 Hucks Rd.,Aynor,SC,29511,HORRY,8439975717,,NO,NO,YES,YES,YES,YES,YES,YES,YES,YES,YES,YES,YES,YES,YES,YES,NO,YES,YES,NO,N/A,NO,33.943336,-79.16382,census
-9040693.339,4020014.356,9697,Bars Produce And Feed,115 Narrow Way,Lexington,SC,29073,LEXINGTON,8035439446,,YES,YES,YES,YES,YES,YES,YES,YES,YES,YES,YES,YES,YES,YES,NO,NO,NO,NO,NO,NO,,,33.934223,-81.21386,census
-9096424.972,4058089.247,9699,P&D Old Country Store And Market,1115 Main St.,Silverstreet,SC,29145,NEWBERRY,8035970063,,YES,YES,YES,YES,YES,YES,YES,YES,YES,YES,YES,YES,YES,YES,NO,NO,NO,NO,NO,NO,,,34.21765,-81.71485,census
-9127632.934,4099377.487,9701,Laurens Produce,19057 Hwy 221 N. Laurens,Laurens,SC,29360,LAURENS,864-438-9214,,YES,YES,YES,YES,YES,YES,YES,YES,YES,YES,YES,YES,YES,NO,YES,YES,NO,NO,NO,NO,,,34.52364,-81.995,census
-9267902.997,4132434.908,9702,Chattooga Belle Roadside Stand,12260 Long Creek Hwy,Westminster,SC,29693,OCONEE,(864) 647-9768,http://www.chattoogabellefarm.com,NO,NO,NO,NO,NO,YES,YES,YES,YES,NO,NO,NO,YES,YES,YES,YES,NO,NO,NO,NO,,,34.671784,-83.106593,osm
-9019210.315,4028162.67,9706,Lourie Center Seeds Of Hope Farmer's Market,1650 Park Cir.,Columbia,SC,29201,RICHLAND,8037791971,http://www.louriecentersc.com,NO,NO,NO,NO,NO,YES,YES,YES,YES,YES,YES,NO,YES,YES,NO,NO,NO,NO,YES,NO,,,33.994938,-81.022575,census
-9020948.886,4031877.046,9707,SC DHEC Seeds Of Hope Farmer's Market,2600 Bull St.,Columbia,SC,29201,RICHLAND,,,NO,NO,NO,NO,NO,YES,YES,NO,NO,NO,NO,NO,YES,YES,NO,NO,NO,YES,YES,NO,,,34.02250505,-81.03736037,osm
-9012284.661,4036091.441,9709,Tree Of Life Congregation Seeds Of Hope Farmer's Market,6719 N. Trenholm Rd.,Columbia,SC,29206,RICHLAND,8037872182,http://www.tolsc.org,NO,NO,NO,NO,NO,YES,YES,YES,NO,NO,NO,NO,YES,YES,NO,NO,NO,YES,YES,NO,,,34.052605,-80.95889,census
-9031118,4034159.892,9710,Ashland United Methodist Church Seeds Of Hope Farmer's Market,2600 Ashland Rd.,Columbia,SC,29210,LEXINGTON,8037985350,http://www.ashlandumc.org,NO,NO,NO,NO,NO,YES,YES,NO,NO,NO,NO,NO,YES,YES,YES,YES,NO,YES,YES,NO,,,34.040257,-81.12846,census
-9033371.488,4039680.89,9711,Grace United Methodist Church Seeds Of Hope Farmer's Market,410 Harbison Blvd.,Columbia,SC,29212,RICHLAND,8037321899,http://gracecolumbia.org/,NO,NO,NO,NO,NO,YES,YES,YES,YES,NO,NO,NO,YES,YES,NO,NO,NO,YES,YES,NO,,,34.08054925,-81.14970208,osm
-9016016.806,4028525.26,9714,Shandon United Methodist Church Seeds Of Hope Farmer's Market,3407 Devine St.,Columbia,SC,29201,RICHLAND,8032568383,http://www.shandon-umc.org,NO,NO,NO,NO,NO,YES,YES,YES,YES,NO,NO,NO,YES,YES,YES,YES,NO,YES,YES,NO,,,33.99746404,-80.99271395,osm
-8805346.546,4011167.142,9729,Carrols Produce - Hwy 501,3152 Hwy 501 W.,Conway,SC,29526,HORRY,8434216294,,NO,NO,YES,YES,YES,YES,YES,YES,YES,YES,NO,NO,YES,YES,NO,NO,NO,NO,NO,NO,N/A,NO,33.8000194,-79.0055024,osm
-8818877.757,4031765.382,9733,Po Boys Produce,1645 Hwy 501 W.,Aynor,SC,29511,HORRY,843-358-2513,,YES,NO,YES,YES,YES,YES,YES,YES,YES,YES,YES,YES,YES,YES,YES,YES,NO,NO,NO,YES,HANDLED BY INDIVIDUAL VENDOR,NO,34.024743,-79.223407,osm
-9134295.168,4175285.777,9735,Ragan Orchards,2039 Hwy 292,Inman,SC,29349,SPARTANBURG,(864) 472-5778,,NO,NO,NO,YES,YES,YES,YES,YES,YES,YES,YES,NO,YES,YES,YES,YES,NO,YES,YES,NO,,,35.083008,-82.058365,census
-9120077.187,4160011.788,9736,Bellews Market,240 Garner Rd.,Spartanburg,SC,29303,SPARTANBURG,(864) 585-7726,http://www.bellewsmarket.com,YES,YES,YES,YES,YES,YES,YES,YES,YES,YES,YES,YES,YES,YES,YES,YES,NO,NO,NO,YES,HANDLED BY INDIVIDUAL VENDOR,,34.972836,-81.927284,census
-9131598.788,4127869.837,9737,Woodruff Farmers Market,132 S. Main St.,Woodruff,SC,29388,SPARTANBURG,864 476 8154,http://www.cityofwoodruff.com/woodruff_farmers_market,NO,NO,NO,NO,NO,YES,YES,YES,NO,NO,NO,NO,YES,NO,YES,YES,NO,NO,NO,NO,,,34.86075,-82.11373,census
-9085295.583,4125318.063,9741,Union County Farmers Market,529 E. Main St,Union,SC,29379,UNION,8644908609,,NO,NO,NO,NO,YES,YES,YES,YES,YES,NO,NO,NO,YES,NO,NO,NO,NO,NO,NO,NO,,,34.727394,-81.64858,census
-9269609.478,4136362.75,9743,Ables Orchard,14161 Us Hwy 76,Long Creek,SC,29658,OCONEE,4043722375,,NO,NO,NO,NO,NO,NO,YES,YES,YES,YES,YES,NO,YES,YES,YES,YES,NO,NO,NO,NO,,,34.79793601,-83.27093588,osm
-9268439.841,4132867.013,9744,Hollifield's Orchard,161 Hollifield Ln.,Long Creek,SC,29658,OCONEE,8647105105,,NO,NO,NO,NO,NO,NO,NO,YES,YES,YES,YES,NO,YES,YES,NO,NO,NO,NO,NO,NO,,,34.77200296,-83.2589328,osm
-9103637.926,3969114.024,9754,Farm Fresh Market At Cold Creek,398 Hitchcock Pkwy,Aiken,SC,29801,AIKEN,8036483592,http://www.coldcreeknurseries.net,YES,YES,YES,YES,YES,YES,YES,YES,YES,YES,YES,YES,YES,YES,YES,YES,NO,NO,NO,NO,,,33.531048,-81.768817,osm
-9095767.929,3969420.189,9758,Aiken County Farmers Market,115 Williamsburg St.,Aiken,SC,29801,AIKEN,8032932214,http://www.visitaikensc.com,NO,NO,NO,NO,YES,YES,YES,YES,YES,NO,NO,NO,YES,YES,YES,YES,NO,YES,YES,YES,HANDLED BY INDIVIDUAL VENDOR,YES,33.55833007,-81.70735069,osm
-9170427.675,4052764.841,9759,Abbeville Farmer's Market,112 North Main St.,Abbeville,SC,29620,ABBEVILLE,864-366-9673,http://www.abbevillecitysc.com/338/farmers-market,YES,YES,YES,YES,YES,YES,YES,YES,YES,YES,YES,YES,YES,YES,YES,YES,None,YES,YES,YES,HANDLED BY INDIVIDUAL VENDOR,NO,34.1782,-82.37946,census
-9184068.437,4129735.726,9760,Bob and Lisa's Produce,9706 Anderson Rd.,Piedmont,SC,29673,ANDERSON,(864) 915-8918,,NO,NO,NO,YES,YES,YES,YES,YES,YES,YES,NO,NO,YES,YES,YES,YES,NO,NO,NO,NO,,,34.74844,-82.50188,census
-9227813.807,4104919.567,9761,Carolina Belle,8831 Hwy 24,Townville,SC,29689,ANDERSON,,,NO,NO,NO,YES,YES,YES,YES,YES,YES,YES,NO,NO,YES,YES,YES,YES,NO,NO,NO,YES,HANDLED BY INDIVIDUAL VENDOR,,34.564594,-82.89642,census
-9182078.236,4106230.133,9762,Callaham Orchards,559 Crawford Rd.,Belton,SC,29627,ANDERSON,864-338-0810,http://agriculture.sc.gov/agritourism-farms/callaham-orchards/,NO,NO,NO,YES,YES,YES,YES,YES,YES,YES,NO,NO,YES,YES,YES,NO,NO,NO,NO,NO,,,34.576492,-82.48326,census
-9210252.197,4092969.433,9763,Berry Acres,230 Strawberry Rd.,Anderson,SC,29626,ANDERSON,864-224-5441,,NO,NO,NO,YES,YES,YES,YES,YES,YES,YES,YES,NO,YES,YES,YES,YES,NO,NO,NO,NO,,,34.47677,-82.737274,census
-9183402.13,4120827.539,9764,Hurricane Creek Farms,208 Concord Rd,Anderson,SC,29621,ANDERSON,8642453910,,NO,NO,NO,YES,YES,YES,YES,YES,YES,YES,YES,YES,YES,YES,YES,YES,NO,NO,NO,NO,,,34.5335,-82.66277,census
-9167523.013,4111484.799,9765,Happy Cow Creamery,332 Mckelvey Rd.,Pelzer,SC,29669,GREENVILLE,864-243-9699,http://www.happycowcreamery.com,YES,YES,YES,YES,YES,YES,YES,YES,YES,YES,YES,YES,YES,YES,YES,YES,NO,NO,NO,NO,,,34.614132,-82.354904,census
-9171547.712,4088798.866,9767,Mccall's Produce Market,306 East Greer St.,Honea Path,SC,29654,ANDERSON,,,YES,YES,YES,YES,YES,YES,YES,YES,YES,YES,YES,YES,YES,YES,YES,YES,NO,NO,NO,NO,N/A,,34.44586,-82.389946,census
-9168331.274,4110343.47,9768,Pinebreeze Farm,10059 Augusta Rd.,Pelzer,SC,29669,GREENVILLE,,,NO,NO,YES,YES,YES,YES,YES,YES,YES,YES,YES,YES,YES,YES,NO,NO,NO,NO,NO,NO,,,34.604786,-82.36183,census
-9197965.535,4115820.336,9770,Walker Century Farms Market,110 Walker Rd.,Anderson,SC,29621,ANDERSON,864-226-2668,http://www.walkercenturyfarms.com,YES,YES,YES,YES,YES,YES,YES,YES,YES,YES,YES,YES,YES,YES,YES,YES,NO,NO,NO,YES,HANDLED BY INDIVIDUAL VENDOR,,34.645054,-82.627625,census
-9181618.794,4112037.048,9771,Palmetto Farmers' Market,121 W. Main St.,Williamston,SC,29697,ANDERSON,,,NO,NO,NO,NO,YES,YES,YES,YES,YES,NO,NO,NO,YES,YES,YES,YES,NO,YES,YES,YES,HANDLED BY INDIVIDUAL VENDOR,,34.61794233,-82.4798001,osm
-9187566.622,4119623.165,9772,White Plains Produce,1706 Easley Hwy.,Pelzer,SC,29669,ANDERSON,,,YES,YES,YES,YES,YES,YES,YES,YES,YES,YES,YES,YES,YES,YES,YES,YES,NO,NO,NO,YES,HANDLED BY INDIVIDUAL VENDOR,,34.67348,-82.53323,census
-9210889.269,4098283.773,9773,Whitehall Produce,2606 Whitehall Rd.,Anderson,SC,29625,ANDERSON,8647720045,,YES,YES,YES,YES,YES,YES,YES,YES,YES,YES,YES,YES,YES,NO,YES,YES,NO,NO,NO,NO,,,34.515984,-82.742294,census
-9055052.74,3912206.695,9774,Chappell Farms,1371 Kings Ave.,Kline,SC,29812,BARNWELL,8035842565,http://www.chappellfarms.com,NO,NO,NO,NO,YES,YES,YES,YES,NO,NO,NO,NO,YES,NO,NO,NO,NO,NO,NO,NO,,,33.125602,-81.342418,osm
-9052749.874,3930307.739,9775,Sandy Acre Farm,3046 Hwy 70,Barnwell,SC,29812,BARNWELL,8033000251,,NO,NO,NO,NO,YES,YES,YES,YES,YES,NO,NO,NO,YES,YES,NO,NO,NO,NO,NO,NO,,,33.26335,-81.322296,census
-9057858.612,3927894.095,9776,City Of Barnwell Farmers Market,9987 Dunbarton Blvd.,Barnwell,SC,29812,BARNWELL,8032593317,http://www.cityofbarnwell.com,NO,NO,NO,NO,YES,YES,YES,YES,YES,NO,NO,NO,YES,NO,NO,NO,NO,NO,NO,NO,,,33.24511765,-81.36804511,osm
-9088961.023,4174308.15,9781,Gaffney Station Farmers Market,210 W. Frederick St.,Gaffney,SC,29341,CHEROKEE,8644876244,http://www.getintogaffney.com,YES,NO,YES,NO,YES,YES,YES,YES,YES,YES,YES,YES,YES,YES,NO,NO,NO,NO,NO,NO,,,35.0767211,-81.6487039,osm
-9044322.911,4138446.957,9782,The Market At Cotton Hills Farm,2575 Lowrys Hwy,Chester,SC,29706,CHESTER,8035814545,http://www.cottonhillsfarm.com,NO,NO,NO,YES,YES,YES,YES,YES,YES,YES,NO,NO,YES,YES,YES,YES,NO,YES,YES,YES,HANDLED BY INDIVIDUAL VENDOR,,34.7690879,-81.244448,osm
-9040485.892,4123661.815,9783,The Chester Market Of Cotton Hills Farm,125 Church St. Unit B,Chester,SC,29706,CHESTER,8033854545,http://www.cottonhillsfarm.com,YES,YES,YES,YES,YES,YES,YES,YES,YES,YES,YES,YES,YES,YES,YES,YES,NO,NO,NO,YES,HANDLED BY INDIVIDUAL VENDOR,YES,34.70325,-81.21171,census
-9040661.297,4123727.315,9784,Chester Farmers And Artisan Market,111 Columbia St.,Chester,SC,29706,CHESTER,864-760-7082,http://www.catawbafarmandfood.org,NO,NO,NO,NO,YES,YES,YES,YES,YES,NO,NO,NO,YES,YES,NO,NO,NO,NO,NO,NO,N/A,NO,34.704487,-81.21376,census
-8933017.175,4094619.676,9789,McLeod Farms Market,29247 HWY 151,Mcbee,SC,29101,CHESTERFIELD,843-335-8611,http://www.macspride.com,YES,YES,YES,YES,YES,YES,YES,YES,YES,YES,YES,YES,YES,YES,YES,YES,NO,YES,YES,YES,HANDLED BY INDIVIDUAL VENDOR,NO,34.4672468,-80.2515827,osm
-8927070.898,4087556.107,9790,Mcleod Farms Roadside Market,29247 Hwy 151,Mcbee,SC,29101,CHESTERFIELD,1-877-789-9252 or 843-335-8335,http://www.macspride.com,YES,YES,YES,YES,YES,YES,YES,YES,YES,YES,YES,YES,YES,YES,YES,YES,NO,YES,YES,YES,HANDLED BY INDIVIDUAL VENDOR,NO,34.4672468,-80.2515827,osm
-8951500.557,4137946.135,9791,Pageland Farmers Market,3062 Hwy 601 N,Pageland,SC,29728,CHESTERFIELD,803-672-5257,,NO,NO,NO,YES,YES,YES,YES,YES,YES,YES,YES,YES,YES,YES,YES,YES,NO,NO,NO,NO,,NO,34.7695939,-80.4005003,osm
-8913056.409,4081900.054,9792,Byrd's Little Market,1221 North 5Th St.,Hartsville,SC,29550,DARLINGTON,(843)332-0262,,YES,YES,YES,YES,YES,YES,YES,YES,YES,YES,YES,YES,YES,YES,YES,YES,NO,NO,NO,NO,,NO,34.39558964,-80.06531986,osm
-8942840.283,4132364.654,9794,Ricks Produce,26706 Hwy 9,Pageland,SC,29728,CHESTERFIELD,843-672-7307,,NO,NO,NO,NO,NO,YES,YES,YES,YES,YES,YES,NO,YES,YES,NO,NO,NO,YES,YES,NO,N/A,NO,34.768116,-80.33274,census
-9113939.038,3994682.581,9798,Cook's Farm,1236 Augusta Rd.,Trenton,SC,29847,EDGEFIELD,8032752970,http://www.cooksfarm.com,NO,NO,NO,YES,YES,YES,YES,YES,YES,YES,NO,NO,YES,YES,YES,YES,NO,NO,NO,YES,HANDLED BY INDIVIDUAL VENDOR,,33.74585,-81.871956,census
-9114105.734,3985671.648,9799,Jackies Market,2669 Edgefield Rd.,Trenton,SC,29847,EDGEFIELD,8032751608,,NO,NO,NO,NO,YES,YES,YES,YES,NO,NO,NO,NO,YES,YES,NO,NO,NO,NO,NO,YES,HANDLED BY INDIVIDUAL VENDOR,,33.679592,-81.873055,census
-9026491.126,4080043.625,9802,Fairfield Farmers And Artisan Market,117 E Washington St,Winnsboro,SC,29180,FAIRFIELD,,,NO,NO,NO,NO,YES,YES,YES,YES,YES,NO,NO,NO,YES,YES,YES,YES,NO,NO,YES,YES,HANDLED BY INDIVIDUAL VENDOR,,34.380736,-81.085275,osm
-8888218.608,4017078.927,9804,Mckenzie Farms & Nursery,2115 Olanta Hwy,Scranton,SC,29591,FLORENCE,8433894831,http://www.mckenzie-farms.com,YES,YES,YES,YES,YES,YES,YES,YES,YES,YES,YES,YES,YES,YES,YES,YES,NO,YES,YES,YES,HANDLED BY INDIVIDUAL VENDOR,,33.91152,-79.84076,census
-8884474.476,4061229.438,9805,Pee Dee State Farmers Market,2513 West Lucas St.,Florence,SC,29501,FLORENCE,8436655154,,YES,YES,YES,YES,YES,YES,YES,YES,YES,YES,YES,YES,YES,YES,YES,YES,NO,YES,YES,YES,HANDLED BY INDIVIDUAL VENDOR,NO,34.241528,-79.81426,census
-8878168.535,4011484.631,9806,Lake City Farmer's Market,111 Henry St.,Lake City,SC,29560,FLORENCE,8433741500,www.thebeanmarket.com/lake-city-sc-farmers-market,NO,NO,NO,NO,NO,YES,YES,YES,YES,YES,YES,NO,YES,NO,NO,YES,NO,YES,YES,YES,HANDLED BY INDIVIDUAL VENDOR,NO,33.87131,-79.75438,census
-8880191.91,4055043.416,9809,Florence City Center FM,200 Sanborn Street,Florence,SC,29501,FLORENCE,8436652047 x 1083,http://florencedowntown.com/citycenterfarmersmarket,YES,YES,YES,YES,YES,YES,YES,YES,YES,YES,YES,YES,YES,YES,YES,YES,NO,YES,YES,YES,HANDLED THROUGH OUTLET-WIDE PROGRAM,YES,34.19914,-79.77416,census
-8825554.823,3944000.984,9811,Georgetown Farmers Market,122 Screven St.,Georgetown,SC,29440,GEORGETOWN,843-839-4488,http://www.waccamawmarkets.org,NO,NO,NO,NO,YES,YES,YES,YES,YES,YES,NO,NO,YES,YES,YES,YES,NO,YES,YES,YES,HANDLED BY INDIVIDUAL VENDOR,NO,33.365974,-79.28203,census
-9150423.745,4122180.566,9812,Fountain Inn Farmers' Market,110 Depot St.,Fountain Inn,SC,29644,GREENVILLE,864-862-4421,http://www.fountaininnevents.com/farmers-market,NO,NO,NO,YES,YES,YES,YES,YES,NO,NO,NO,NO,YES,YES,YES,YES,NO,NO,NO,NO,,,34.692986,-82.199974,census
-9157451.264,4156728.953,9814,Fisher's Historical Taylors Shed,1001 Locust Hill Rd.,Greer,SC,29651,GREENVILLE,864-877-0443,http://www.fishersorchard.com,NO,NO,NO,YES,YES,YES,YES,YES,YES,NO,NO,NO,YES,YES,YES,YES,NO,YES,YES,NO,,,34.94799,-82.263054,census
-9156099.13,4154430.447,9815,Fisher's Orchard at Dillard,504 S. Buncombe Rd.,Greer,SC,29651,GREENVILLE,864-877-2010,http://www.fishersorchard.com,NO,NO,NO,YES,YES,YES,YES,YES,YES,NO,NO,NO,YES,YES,YES,YES,NO,YES,YES,NO,,,34.9310214,-82.2498922,osm
-9182653.858,4167226.225,9816,Beechwood Farms,204 Bates Bridge Rd.,Travelers Rest,SC,29690,GREENVILLE,864-836-6075,http://www.mybeechwoodfarms.com,NO,NO,NO,YES,YES,YES,YES,YES,YES,YES,NO,NO,YES,YES,YES,YES,NO,YES,YES,YES,HANDLED BY INDIVIDUAL VENDOR,,34.97016315,-82.43721198,osm
-9176284.789,4149846.788,9817,Tomato Vine,4120 Old Buncombe Rd.,Greenville,SC,29617,GREENVILLE,864-246-4062,,YES,YES,YES,YES,YES,YES,YES,YES,YES,YES,YES,YES,YES,YES,YES,YES,NO,NO,NO,YES,HANDLED BY INDIVIDUAL VENDOR,,34.89634,-82.43233,census
-9174527.122,4114115.537,9818,Little Eddie's Produce Stand,748 Hwy 8,Pelzer,SC,29669,GREENVILLE,,,NO,NO,NO,NO,YES,YES,YES,YES,YES,YES,YES,YES,YES,NO,NO,NO,NO,NO,NO,NO,,,34.634087,-82.41248,census
-9170026.96,4178318.585,9819,"Perdeaux Fruit Farm, Llc",2400 Hwy 11,Travelers Rest,SC,29690,GREENVILLE,(864) 895-0303,http://www.carolinafarmers.com/perdue,NO,NO,NO,NO,NO,YES,YES,YES,YES,YES,YES,NO,YES,YES,YES,YES,NO,NO,NO,NO,,,35.105854,-82.37578,census
-9175178.158,4146215.064,9820,Slow Food Upstate,205 Cedar Lane Rd.,Greenville,SC,29611,GREENVILLE,,http://www.handsongreenville.org/agency/detail/?agency_id=33096,NO,NO,NO,NO,YES,YES,YES,YES,YES,YES,YES,NO,YES,YES,YES,YES,NO,NO,NO,YES,HANDLED THROUGH OUTLET-WIDE PROGRAM,,34.87056,-82.42151,census
-9143159.63,4057157.672,9821,Greenwood County Farmers Market,215 Wilbanks Cir.,Greenwood,SC,29649,GREENWOOD,8642236305,,NO,NO,NO,NO,NO,YES,YES,YES,YES,YES,NO,NO,YES,YES,YES,YES,NO,YES,YES,YES,HANDLED BY INDIVIDUAL VENDOR,,34.210182,-82.13422,census
-9148236.185,4053768.395,9823,Uptown Market,220 Maxwell Ave.,Greenwood,SC,29646,GREENWOOD,8649428421,http://www.uptowngreenwood.com/uptown-market,YES,YES,YES,YES,YES,YES,YES,YES,YES,YES,YES,YES,YES,NO,YES,YES,None,YES,YES,YES,HANDLED THROUGH OUTLET-WIDE PROGRAM,YES,34.190247,-82.16301,census
-8779578.795,4021671.244,9825,Mount Vernon Farm Market,4008 Hwy 366,Loris,SC,29569,HORRY,8437560104,,YES,YES,YES,YES,YES,YES,YES,YES,YES,YES,YES,YES,YES,YES,YES,YES,NO,YES,YES,YES,HANDLED BY INDIVIDUAL VENDOR,NO,33.947235,-78.86625,census
-8813209.527,4006695.79,9827,Tylers Produce,4800 Hwy 378,Conway,SC,29527,HORRY,8433976362,,YES,YES,YES,YES,YES,YES,YES,YES,YES,YES,YES,YES,YES,YES,YES,YES,NO,YES,YES,NO,N/A,NO,33.835175,-79.17022,census
-8799473.522,4006568.881,9831,Conway Farmers Market,"217 LAUREL ST., DOWNTOWN CONWAY",Conway,SC,29526,HORRY,843-839-4488,http://waccamawmarkets.org,NO,NO,NO,NO,YES,YES,YES,YES,YES,YES,NO,NO,YES,YES,YES,YES,NO,YES,YES,YES,HANDLED BY INDIVIDUAL VENDOR,NO,33.834408,-79.046936,census
-8750941.433,4011621.738,9835,Little River Farmers Market,4460 Mineola Ave,Little River,SC,29566,HORRY,(843) 839-4488,http://www.waccamawmarkets.org,NO,NO,NO,NO,YES,YES,YES,YES,YES,YES,NO,NO,YES,YES,YES,YES,NO,YES,YES,YES,HANDLED BY INDIVIDUAL VENDOR,,33.871815,-78.61051,census
-8972996.511,4060246.166,9836,Kershaw County Farmers Market,906 Broad St.,Camden,SC,29020,KERSHAW,8032204160,http://www.kershawcountyfarmersmarket.com,NO,NO,NO,YES,YES,YES,YES,YES,YES,YES,YES,NO,YES,YES,YES,YES,NO,YES,YES,YES,HANDLED THROUGH OUTLET-WIDE PROGRAM,YES,34.24323,-80.60676,census
-8972122.13,4074913.599,9837,521 Bait And Tackle,1460 Kershaw Hwy,Camden,SC,29020,KERSHAW,,,NO,NO,NO,YES,YES,YES,YES,YES,YES,YES,YES,NO,YES,YES,NO,NO,NO,NO,NO,NO,,,34.342705,-80.598,census
-8986185.681,4126257.119,9838,Lancaster County Farmers Market,1920 South Pageland Hwy.,Lancaster,SC,29720,LANCASTER,803-285-5545,,NO,NO,NO,YES,YES,YES,YES,YES,YES,YES,YES,YES,YES,YES,NO,YES,NO,YES,YES,NO,,,34.722206,-80.72224,census
-9129762.612,4096100.558,9839,Main St. Laurens Downtown Farmers Market,200 Courthouse Square,Laurens,SC,29360,LAURENS,864-984-2119,http://www.mainstreetlaurens.org,NO,NO,NO,NO,NO,YES,YES,YES,NO,NO,NO,NO,YES,YES,YES,YES,NO,NO,NO,NO,,,34.49932215,-82.01448821,osm
-9129774.734,4114737.216,9840,Stewart Farms,6600 Hwy 92,Enoree,SC,29335,LAURENS,864-969-7270,http://www.stewartfarms.net,NO,NO,NO,YES,YES,NO,NO,NO,YES,YES,NO,NO,YES,YES,YES,YES,NO,NO,NO,NO,,,34.63653,-82.011856,census
-8781126.024,3988172.857,9842,Myrtle's Market,605 Mr. Joe White Avenue,Myrtle Beach,SC,29577,HORRY,843-918-4906,http://www.cityofmyrtlebeach.com/i_want_to/find/city_farmers_market.php,NO,NO,NO,NO,YES,YES,YES,YES,YES,YES,NO,NO,YES,YES,NO,NO,NO,NO,NO,YES,,NO,33.7078857,-78.8960955,osm
-9043414.683,4026393.136,9845,Market at Icehouse,107 West Main Street,Lexington,SC,29072,LEXINGTON,803-358-7275,http://www.lexsfarmersmarket.com,NO,NO,NO,NO,YES,YES,YES,YES,YES,NO,NO,NO,YES,YES,YES,YES,NO,YES,YES,YES,HANDLED BY INDIVIDUAL VENDOR,,33.98239,-81.23793,census
-9063667.076,4022371.903,9846,Wayne Taylor Family Farms,4809 Augusta Hwy,Leesville,SC,29070,LEXINGTON,8038922040,,YES,YES,YES,YES,YES,YES,YES,YES,YES,YES,YES,YES,YES,YES,NO,NO,NO,YES,YES,YES,HANDLED BY INDIVIDUAL VENDOR,,33.9524,-81.4203,census
-9036807.427,4041212.808,9848,Irmo Farmers Market,6671 St Andrews Rd,Columbia,SC,29212,RICHLAND,860-839-1023,http://www.irmofarmersmarket.com,NO,NO,NO,YES,YES,YES,YES,YES,YES,NO,NO,NO,YES,YES,NO,NO,Paypal,YES,YES,NO,,,34.050555,-81.1025904,osm
-9051143.793,4027899.315,9851,James R Sease Farms 2,861 Hwy 378,Lexington,SC,29072,LEXINGTON,8033593276,,NO,NO,NO,YES,YES,NO,NO,NO,NO,NO,NO,NO,YES,YES,NO,NO,NO,NO,NO,NO,,,33.9932852,-81.3078267,osm
-9059835.637,4024401.976,9852,James R Sease Farms 1,3967 Augusta Hwy,Gilbert,SC,29054,LEXINGTON,8033593276,,NO,NO,NO,YES,YES,NO,NO,NO,NO,NO,NO,NO,YES,YES,NO,NO,NO,NO,NO,NO,,,33.96861,-81.38394,census
-9025629.933,4022275.232,9853,Cayce Farmer's Market,2329 Charleston Hwy,Cayce,SC,29033,LEXINGTON,8037911009,,YES,NO,NO,YES,YES,YES,YES,YES,YES,YES,YES,YES,YES,YES,YES,YES,NO,NO,NO,YES,HANDLED THROUGH OUTLET-WIDE PROGRAM,,33.950283,-81.078575,census
-9041699.871,4031389.965,9854,Wingard's Market,1403 N.Lake Dr.,Lexington,SC,29072,LEXINGTON,8033599091,http://www.wingardsmarket.com,YES,YES,YES,YES,YES,YES,YES,YES,YES,YES,YES,YES,YES,YES,YES,YES,NO,NO,NO,NO,,,34.018997,-81.222305,census
-9028136.467,3996206.982,9855,Livingston Farms The Shack,1424 Southbound Rd.,Swansea,SC,29160,LEXINGTON,803-568-0401,,NO,NO,YES,YES,YES,YES,YES,YES,YES,YES,YES,NO,YES,YES,YES,YES,NO,YES,YES,NO,N/A,,33.766716,-81.10556,census
-9075975.192,4017194.134,9856,"Randall's Produce & Lands, LLC",122 West Church St.,Batesburg,SC,29006,LEXINGTON,8033176500,,YES,YES,YES,YES,YES,YES,YES,YES,YES,YES,YES,YES,YES,YES,YES,YES,NO,NO,NO,YES,HANDLED BY INDIVIDUAL VENDOR,,33.912346,-81.53492,census
-8836700.078,4050054.578,9857,L & W Roadside Stand,830 Foxboro Rd.,Marion,SC,29571,MARION,8432455999,,NO,NO,NO,YES,YES,YES,NO,NO,NO,YES,YES,YES,YES,NO,NO,NO,NO,YES,NO,NO,,,34.15855,-79.38172,census
-9024135.423,4015924.754,9858,Columbia State Farmers Market,3483 Charleston Hwy.,West Columbia,SC,29172,LEXINGTON,8037374664,http://www.agriculture.sc.gov,YES,YES,YES,YES,YES,YES,YES,YES,YES,YES,YES,YES,YES,NO,YES,NO,NO,NO,NO,NO,,,33.904755,-81.065414,census
-8822820.765,4057446.625,9859,Rabon Produce,521 North Main St.,Mullins,SC,29574,MARION,8432695852,,NO,NO,NO,YES,YES,YES,YES,YES,YES,YES,YES,YES,YES,YES,NO,YES,NO,NO,NO,NO,N/A,NO,34.21179,-79.25604,census
-8890354.686,4126308.499,9860,The Produce Barn,4264 Delta Height Rd.,Wallace,SC,29596,MARLBORO,843-287-4225,,NO,NO,YES,YES,YES,YES,YES,YES,YES,YES,YES,NO,YES,YES,NO,NO,NO,YES,YES,YES,HANDLED THROUGH OUTLET-WIDE PROGRAM,YES,34.722034,-79.86511,census
-8867347.809,4102707.096,9862,Mcarthur Farms,1708 Hwy 38 S.,Bennettsville,SC,29512,MARLBORO,843-479-3839,http://www.mcarthurfarms.com,YES,YES,YES,YES,YES,YES,YES,YES,YES,YES,YES,YES,YES,YES,YES,YES,NO,NO,NO,NO,,NO,34.6060187,-79.6851173,osm
-8870016.855,4111069.909,9863,Marlboro County Farmers Market,500 Broad St.,Bennettsville,SC,29512,MARLBORO,843-627-7113,,NO,NO,NO,NO,NO,YES,YES,YES,YES,YES,YES,NO,YES,YES,NO,YES,NO,YES,YES,YES,HANDLED BY INDIVIDUAL VENDOR,,34.610863,-79.6809,census
-9160803.841,4017001.903,9864,Mccormick County Farmers' Market,206 N.Main St.,Mccormick,SC,29835,MCCORMICK,805-201-5150,mccormickscchamber.org,NO,NO,NO,NO,YES,YES,YES,YES,YES,NO,NO,NO,YES,NO,YES,YES,NO,YES,YES,YES,HANDLED BY INDIVIDUAL VENDOR,NO,33.91289014,-82.2969623,osm
-9084676.839,4068799.537,9865,Mike's Produce,2114 Wilson Rd.,Newberry,SC,29108,NEWBERRY,8032760125,,NO,NO,YES,YES,YES,YES,YES,YES,YES,YES,YES,NO,YES,YES,YES,YES,NO,NO,NO,YES,HANDLED BY INDIVIDUAL VENDOR,NO,34.297672,-81.60963,census
-9083988.329,4067772.272,9866,Chappells Nursery & Garden Center,92 Dipner Road,Chappells,SC,29037,NEWBERRY,8032713006,,YES,YES,YES,YES,YES,YES,YES,YES,YES,YES,YES,YES,YES,YES,YES,YES,NO,NO,NO,NO,,,34.177418,-81.86969,census
-9066951.966,4044722.819,9867,Lever Farms Dreher Island Produce,2811 Dreher Island Rd.,Prosperity,SC,29127,NEWBERRY,8039240493,leverfarms.com,NO,NO,NO,NO,NO,YES,YES,YES,YES,NO,NO,NO,NO,YES,YES,YES,NO,NO,NO,NO,,,34.118343,-81.44845,census
-9085950.692,4065680.44,9868,Grow Newberry Farmers Market,1201 Mckibben St,Newberry,SC,29108,NEWBERRY,8032764274,http://www.grownewberry.com,NO,NO,NO,NO,NO,YES,YES,YES,NO,NO,NO,NO,YES,YES,NO,NO,NO,YES,NO,NO,HANDLED BY INDIVIDUAL VENDOR,,34.274525,-81.62054,census
-9250224.347,4118525.282,9870,Westminster Farmers Market,135 East Main St.,Westminster,SC,29678,OCONEE,(864) 647-5316,,NO,NO,NO,NO,NO,YES,YES,YES,YES,NO,NO,NO,YES,NO,NO,NO,NO,YES,YES,NO,,,34.66618782,-83.09693456,osm
-9242315.01,4133340.476,9872,Mr.T's,111 Scenic Heights Rd.,West Union,SC,29696,OCONEE,,,NO,NO,NO,NO,NO,YES,YES,YES,NO,NO,NO,NO,YES,YES,NO,NO,NO,NO,NO,NO,,,34.774685,-83.02498,census
-9219380.98,4137306.241,9874,Six Mile Farmers Depot,102 S. Main St.,Six Mile,SC,29671,PICKENS,8646505078,http://www.sixmilesc.org,NO,NO,NO,NO,YES,YES,YES,YES,YES,NO,NO,NO,YES,YES,NO,NO,NO,NO,NO,NO,,,34.80361417,-82.81827828,osm
-9246728.705,4132192.623,9877,Walhalla Farmers Market,101 East North Broad Street,Walhalla,SC,29691,OCONEE,864-638-5889 x111,,NO,NO,NO,NO,NO,YES,YES,YES,YES,NO,NO,NO,YES,YES,NO,NO,NO,YES,YES,NO,,,34.766464,-83.06517,census
-9195568.204,4140943.59,9878,Easley Farmers Market,205 North 1St St.,Easley,SC,29641,PICKENS,8648557900,http://www.cityofeasley.com/around_the_city/farmers_market/index.php,NO,NO,NO,YES,YES,YES,YES,YES,YES,YES,NO,NO,YES,YES,YES,YES,NO,NO,YES,YES,HANDLED THROUGH OUTLET-WIDE PROGRAM,,34.83132533,-82.60516837,osm
-9215844.926,4120967.894,9880,Clemson Farmers Market,578 Issaqueena Trail,Clemson,SC,29631,PICKENS,8646543918,http://www.clemsonfarmersmarket.org,NO,NO,NO,NO,YES,YES,YES,YES,YES,NO,NO,NO,YES,YES,YES,YES,NO,NO,NO,NO,,,34.686493,-82.78774,census
-9020799.959,4029513.825,9882,Soda City,1300-1600 Main St.,Columbia,SC,29201,RICHLAND,,http://www.sodacitysc.com,YES,YES,YES,YES,YES,YES,YES,YES,YES,YES,YES,YES,YES,NO,YES,YES,NO,NO,NO,NO,,,34.00273,-81.03414,census
-9017186.498,4025732.23,9884,City Roots,1005 Airport Blvd.,Columbia,SC,29205,RICHLAND,8032542302,http://www.cityroots.org,YES,YES,YES,YES,YES,YES,YES,YES,YES,YES,YES,YES,YES,YES,YES,YES,NO,NO,NO,YES,HANDLED BY INDIVIDUAL VENDOR,,33.97795,-81.001434,census
-8992271.069,4021009.526,9885,Ringo's Produce Market,10545 Garners Ferry Rd.,Eastover,SC,29044,RICHLAND,8037830108,,YES,YES,YES,YES,YES,YES,YES,YES,YES,YES,YES,YES,YES,NO,YES,YES,NO,NO,NO,NO,N/A,,33.94205,-80.779366,census
-9015804.199,4031089.719,9886,Forest Acres Farmer's Market,3400 Forest Dr. (Corner Of Chateau Drive And Beltline Blvd,Columbia,SC,29204,RICHLAND,8037829475,http://www.farmersintheforest.org,NO,NO,NO,YES,YES,YES,YES,YES,YES,YES,YES,NO,YES,YES,NO,YES,NO,YES,YES,YES,HANDLED BY INDIVIDUAL VENDOR,YES,34.01841,-80.99197,census
-9005616.543,4052869.255,9887,Lake Carolina Farmers Market,5 Lake Carolina Way,Columbia,SC,29229,RICHLAND,8038738337,,NO,NO,NO,YES,YES,YES,YES,YES,YES,YES,NO,NO,YES,YES,NO,YES,NO,YES,YES,NO,,,33.9928298,-81.02685166,osm
-9090412.497,4008008.136,9889,Ridge Spring Farmers Market,100 Town Square,Ridge Spring,SC,29129,SALUDA,8036456056,http://www.ridgespringsc.com,NO,NO,NO,NO,NO,YES,YES,NO,NO,NO,NO,NO,YES,YES,NO,NO,NO,YES,YES,NO,VENDOR,,32.482946,-80.984196,osm
-9083095.959,4011200.457,9890,Peaches N' Such I,3771 Hwy 23,Monetta,SC,29105,SALUDA,803-685-7035,http://www.watsoniafarms.com,YES,YES,YES,YES,YES,YES,YES,YES,YES,YES,YES,YES,YES,YES,YES,NO,NO,NO,NO,NO,,,33.86932,-81.593925,census
-9149248.3,4187716.051,9891,Landrum Farmers' Market,111 N. Trade Ave.,Landrum,SC,29356,SPARTANBURG,864 457 6585,,NO,NO,NO,NO,YES,YES,YES,YES,YES,YES,NO,NO,YES,YES,NO,NO,NO,NO,NO,NO,,,35.175163,-82.189092,osm
-9121787.778,4157936.717,9894,Hub City Farmers Market,498 Howard St.,Spartanburg,SC,29303,SPARTANBURG,8645850905,http://www.hubcityfm.org,YES,YES,YES,YES,YES,YES,YES,YES,YES,YES,YES,YES,YES,YES,YES,YES,NO,YES,YES,YES,OUTLET-WIDE,YES,34.95639,-81.94221,census
-9131207.59,4166857.453,9895,Hughey Farms,9295 Asheville Hwy,Boiling Springs,SC,29316,SPARTANBURG,8648142002,http://www.hugheyfarms.com,NO,NO,YES,YES,YES,YES,YES,YES,YES,YES,YES,YES,YES,YES,YES,YES,NO,YES,YES,YES,HANDLED BY INDIVIDUAL VENDOR,,35.02166,-82.02638,census
-9138279.089,4170750.739,9896,Inman Fresh Farmers Market,14 N.Howard St.,Inman,SC,29349,SPARTANBURG,864 472 6200,http://www.cityofinman.org/freshmarket,NO,NO,NO,NO,YES,YES,YES,YES,YES,YES,NO,NO,YES,NO,NO,NO,NO,NO,NO,NO,,,35.051827,-82.09024059,osm
-9120960.134,4122808.578,9897,Taylor Boys' Produce,4138 Cross Anchor Rd.,Enoree,SC,29335,SPARTANBURG,8649694222,http://www.taylorboysproduce.com/,YES,YES,YES,YES,YES,YES,YES,YES,YES,YES,YES,YES,YES,NO,YES,YES,NO,YES,YES,YES,HANDLED THROUGH OUTLET-WIDE PROGRAM,,34.69717,-81.934525,census
-9132707.442,4167875.676,9898,Poteat's Produce,9710 Asheville Hwy,Inman,SC,29349,SPARTANBURG,,,NO,NO,NO,NO,YES,YES,YES,YES,YES,NO,NO,NO,YES,YES,YES,YES,NO,YES,YES,NO,,,35.02904,-82.040474,census
-8942806.525,4018105.253,9899,Downtown Sumter Farmers Market,303 E. Liberty St.,Sumter,SC,29150,SUMTER,(803) 436-2635,http://www.sumtersc.gov/,NO,NO,NO,NO,YES,YES,YES,YES,YES,NO,NO,NO,YES,YES,YES,YES,NO,YES,YES,YES,HANDLED THROUGH OUTLET-WIDE PROGRAM,,33.92078,-80.34723,census
-9007613.821,4169624.634,9903,Springs Farm Farm Market,1010 Springfield Park,Fort Mill,SC,29715,YORK,8035483939,http://www.springsfarm.com,NO,NO,NO,YES,YES,YES,YES,YES,YES,YES,NO,NO,YES,YES,YES,YES,NO,NO,NO,NO,,,35.041954,-80.916534,census
-9026122.558,4182340.864,9904,South Forty Farm,640 Hwy 274,Lake Wylie,SC,29710,YORK,7045753550,,NO,NO,NO,YES,YES,YES,YES,YES,YES,YES,YES,YES,YES,YES,YES,YES,NO,NO,NO,NO,,,35.13519,-81.08265,census
-9045265.513,4170446.366,9905,The Peach Tree,2077 Filbert Hwy,York,SC,29745,YORK,8036288514,,NO,NO,YES,YES,YES,YES,YES,YES,YES,YES,YES,YES,YES,NO,YES,YES,NO,NO,NO,NO,,,35.0472,-81.25491,census
-9047865.35,4167010.18,9906,Blacks Peaches,1800 Black Hwy,York,SC,29745,YORK,8036842333,http://www.blackspeaches.com,YES,YES,YES,YES,YES,YES,YES,YES,YES,YES,YES,YES,YES,YES,YES,YES,NO,NO,NO,NO,N/A,NO,35.023045,-81.27895,census
-9025168.386,4179670.61,9907,Bush N Vine - Lake Wylie,4090 Charlotte Hwy,Lake Wylie,SC,29710,YORK,8036842732,http://www.bushnvinefarm.com,NO,NO,NO,YES,YES,YES,YES,YES,NO,NO,NO,NO,YES,YES,YES,YES,NO,YES,YES,NO,,,35.108326,-81.042755,census
-9045146.22,4168699.554,9908,Bush N Vine - York,1650 Filbert Hwy,York,SC,29745,YORK,8036842732,http://www.bushnvinefarm.com,YES,YES,YES,YES,YES,YES,YES,YES,YES,YES,YES,YES,YES,YES,YES,YES,NO,NO,NO,NO,,,35.036926,-81.25567,census
-9021944.827,4157914.205,9909,Bush N Vine - Rock Hill,1662 Ebenezer Rd.,Rock Hill,SC,29732,YORK,8036842732,http://www.bushnvinefarm.com,NO,NO,NO,YES,YES,YES,YES,YES,YES,YES,YES,NO,YES,YES,YES,YES,NO,NO,NO,NO,,,34.954773,-81.0449,census
-9048089.851,4167270.237,9910,Windy Hill Orchard,1860 Black Hwy,York,SC,29745,YORK,8036840690,http://windyhillorchard.com/,NO,NO,NO,YES,YES,NO,NO,YES,YES,YES,YES,YES,YES,NO,YES,YES,NO,NO,NO,NO,,,35.023582,-81.27954,census
-9032003.132,4145493.917,9911,Boyd Farms,4900 Williamson Rd.,Rock Hill,SC,29730,YORK,8033293384,,NO,NO,NO,NO,NO,YES,YES,YES,NO,NO,NO,NO,YES,YES,YES,YES,NO,NO,NO,NO,,,34.86648,-81.140526,census
-9012064.599,4166559.972,9913,Peach Stand,1325 Hwy 160 West,Fort Mill,SC,29715,YORK,803-547-7563,http://www.peachstand.com,YES,YES,YES,YES,YES,YES,YES,YES,YES,YES,YES,YES,YES,YES,YES,YES,NO,NO,NO,NO,,,35.0194808,-80.95782076,osm
-9019656.372,4153481.538,9914,Old Town Farmers Market,258 East White Street,Rock Hill,SC,29730,YORK,,http://www.onlyinoldtown.com,NO,NO,NO,NO,YES,YES,YES,YES,YES,NO,NO,NO,YES,YES,YES,YES,NO,NO,NO,YES,HANDLED THROUGH OUTLET-WIDE PROGRAM,,34.925877,-81.02208,census
-9269478.938,4132235.395,9915,Chattooga Belle Farm,454 Damascus Church Rd.,Long Creek,SC,29658,OCONEE,(864) 647-9768,http://www.chattoogabellefarm.com,NO,NO,NO,YES,YES,YES,YES,YES,YES,YES,YES,YES,YES,YES,YES,YES,NO,NO,NO,NO,NO,,34.766758,-83.267654,census
-9268910.623,4137870.552,9916,Bryson's Apple Orchard,1011 Chattooga Ridge Rd.,Mountain Rest,SC,29664,OCONEE,8646479427,http://www.brysonsappleorchard.com,NO,NO,NO,NO,NO,NO,YES,YES,YES,YES,YES,NO,YES,YES,NO,NO,NO,NO,NO,NO,NO,,34.808533,-83.26373,census
-9200698.132,4096293.356,9917,Anderson Farmers' Market,402 North Murray Ave.,Anderson,SC,29624,ANDERSON,,http://www.andersoncountysc.org/parks/,NO,NO,NO,YES,YES,YES,YES,YES,YES,YES,YES,YES,YES,YES,YES,YES,NO,YES,YES,YES,YES,YES,34.50111,-82.651344,census
-9177290.319,4158002.095,9920,Travelers Rest Farmers' Market,235 Trailblazer Dr.,Travelers Rest,SC,29690,GREENVILLE,864-610-0965,http://www.travelersrestfarmersmarket.com,NO,NO,NO,NO,YES,YES,YES,YES,YES,NO,NO,YES,YES,YES,YES,YES,NO,YES,YES,YES,YES,YES,34.95482905,-82.44575184,osm
-9013701.83,4057652.431,9924,Blythewood Farmers Market,171 Langford Rd.,Blythewood,SC,29016,RICHLAND,8436971733,http://www.blythewoodfarmersmarket.com,NO,NO,NO,NO,YES,YES,YES,YES,YES,YES,NO,NO,YES,YES,YES,YES,,NO,NO,NO,,,34.2145,-80.97124,census
-9122603.31,4167888.746,9925,Belue Farms Natural Market,3769 Parris Bridge Rd.,Boiling Springs,SC,29316,SPARTANBURG,864 578 0446,http://www.beluefarms.com,YES,YES,YES,YES,YES,YES,YES,YES,YES,YES,YES,YES,YES,YES,YES,YES,NO,NO,NO,NO,NO,,35.028244,-81.95005,census
-9001353.582,4045305.632,9926,Sandhills Farmers Market,900 Clemson Rd.,Columbia,SC,29229,RICHLAND,8037885700,http://www.clemson.edu/public/sandhill/programs/farmers_market.html,NO,NO,NO,NO,YES,YES,YES,YES,YES,YES,YES,NO,YES,YES,YES,YES,NO,YES,YES,YES,HANDLED BY INDIVIDUAL VENDOR,YES,34.12991,-80.87223,census
-9160179.441,4135630.941,9927,Mauldin Open Air Market,699 East Butler Road,Mauldin,SC,29662,GREENVILLE,864-297-4826,,YES,YES,YES,YES,YES,YES,YES,YES,YES,YES,YES,YES,YES,YES,YES,YES,NO,NO,NO,YES,VENDOR,,34.79171,-82.28695,census
-9160246.468,4153027.787,9928,Taylors Farmers Market,250 Mill St.,Taylors,SC,29687,GREENVILLE,,http://taylorssc.org,NO,NO,NO,NO,YES,YES,YES,YES,NO,NO,NO,NO,YES,YES,YES,YES,NO,NO,NO,NO,,,34.92005,-82.28643,census
-9153334.291,4155226.844,9929,Greer Farmers Market,300 Randall Street,Greer,SC,29651,GREENVILLE,,,NO,NO,NO,NO,YES,YES,YES,YES,YES,YES,NO,NO,YES,,YES,YES,,NO,NO,NO,,,34.936584,-82.22604,census
-9213991.436,4091972.947,9934,Indoor Farmers Market At Forx Farm,5575 Dobbins Bridge Road,Anderson,SC,29626,ANDERSON,864-328-1475,,YES,YES,YES,YES,no,no,no,no,no,no,YES,YES,YES,YES,YES,YES,,NO,NO,NO,,,34.469944,-82.7704,census
-9195005.012,4040944.231,9937,Calhoun Fall Farmers' Market,Cox Avenue,Calhoun Falls,SC,29628,ABBEVILLE,864-418-8512,None,NO,NO,NO,NO,YES,YES,YES,YES,YES,NO,NO,NO,YES,NO,YES,YES,NO,YES,YES,YES,HANDLED BY INDIVIDUAL VENDOR,NO,34.092973,-82.595006,osm
-9169114.656,4149537.958,9942,Greenville State Farmers Market,1354 Rutherford Road,Greenville,SC,29609,GREENVILLE,864-224-4023,http://www.agriculture.sc.gov/agritourism-farms,YES,YES,YES,YES,YES,YES,YES,YES,YES,YES,YES,YES,YES,YES,YES,YES,,NO,NO,NO,,,34.882896,-82.38036,census
-8998775.62,4160104.55,9943,Howell Specialty Farmz,9010 Pryor Drive,Fort Mill,SC,29707,LANCASTER,704-619-8792,http://howellspecialtyfarmz.com,YES,YES,YES,YES,YES,YES,YES,YES,YES,YES,YES,YES,YES,YES,YES,YES,BIT COIN,NO,NO,NO,,,34.97153,-80.83675,census
-9101686.747,4173602.186,9946,Lemmons Farms,104 Webber Road,Gaffney,SC,29341,CHEROKEE,864 489 0860,,YES,YES,YES,YES,YES,YES,YES,YES,YES,YES,YES,YES,YES,YES,YES,YES,,NO,NO,NO,,,35.071957,-81.76121,census
-9132662.554,4178122.499,9947,Pick Of The Season,8390 Hwy 9,Inman,SC,29349,SPARTANBURG,864 542 4247,,YES,YES,YES,YES,YES,YES,YES,YES,YES,YES,YES,YES,YES,NO,YES,YES,NO,NO,NO,NO,,,35.107254,-82.04011,census
-9095831.8,4175286.242,9948,The Peach Shed,130 Nancy Creek Rd.,Gaffney,SC,29340,CHEROKEE,864 839 6913,,NO,NO,YES,YES,YES,YES,YES,YES,YES,YES,NO,NO,YES,YES,YES,YES,NO,NO,NO,,,,35.08202,-81.717674,census
-9088378.552,4173433.219,9949,The Garden Spot Produce,601 E. Frederick St.,Gaffney,SC,29341,CHEROKEE,864 480 9393,,YES,YES,YES,YES,YES,YES,YES,YES,YES,YES,YES,YES,YES,YES,YES,YES,NO,NO,NO,NO,,,35.070389,-81.642199,osm
-9091637.385,4177427.811,9950,Abbott Farms,100 Wilcox Ave.,Gaffney,SC,29340,CHEROKEE,864 480 9886,http://www.abbottfarmsonline.com/,YES,YES,YES,YES,YES,YES,YES,YES,YES,YES,YES,YES,YES,NO,YES,YES,NO,NO,NO,NO,,,35.09957,-81.67109,census
-9042941.396,4022111.627,9952,Zach's Produce,1131-A South Lake Dr.,Lexington,SC,29073,LEXINGTON,803-622-4843,,NO,NO,NO,YES,YES,YES,YES,NO,NO,NO,NO,NO,YES,YES,YES,YES,NO,NO,NO,NO,,,33.94797,-81.23486,census
-9107948.91,4183378.96,9953,Battleground Produce,203 Edsel Dr.,Chesnee,SC,29323,CHEROKEE,864 492 2485,,YES,YES,YES,YES,YES,YES,YES,YES,YES,YES,YES,YES,YES,YES,NO,NO,NO,NO,NO,NO,,,35.14341,-81.81958,census
-9133079.972,4181876.494,9954,The Peach Basket,6410 Hwy 11,Campobello,SC,29322,SPARTANBURG,864 592 1567,,YES,YES,YES,YES,YES,YES,YES,YES,YES,YES,YES,YES,YES,YES,YES,YES,NO,NO,NO,NO,,,35.132145,-82.04436,census
-9088207.858,4171784.689,9955,Allison's Produce,1503 E. Frederick  St.,Gaffney,SC,29340,CHEROKEE,8642197949,,YES,YES,YES,YES,YES,YES,YES,YES,YES,YES,YES,YES,YES,YES,NO,NO,NO,NO,NO,NO,,,35.058388,-81.640945,census
-9089156.37,4173658.749,9956,Buford St. Drug Store Produce Stand,113 W Buford St.,Gaffney,SC,29340,CHEROKEE,864 488 3036,,YES,YES,YES,YES,YES,YES,YES,YES,YES,YES,YES,YES,YES,YES,YES,YES,NO,NO,NO,NO,,,35.07292529,-81.6513129,osm
-9176641.315,4100948.641,9957,Holliday's Veggie Patch,1402 Mattison Road,Belton,SC,29627,ANDERSON,,http://hollidaysveggiepatch.com,NO,NO,NO,YES,YES,YES,NO,NO,YES,YES,NO,NO,YES,YES,YES,YES,,YES,YES,NO,,,34.53729,-82.43342,census
-8991836.432,3984981.677,9959,Calhoun County Council On Aging Farmer's Market,200 Milligan Circle,St Matthews,SC,29135,CALHOUN,803-874-1270,,NO,NO,NO,NO,YES,YES,YES,YES,NO,NO,NO,NO,YES,NO,NO,NO,NO,NO,YES,YES,YES,,33.6732079,-80.7767554,osm
-8976866.102,3876162.308,9960,Colleton County Museum And Farmers Market,506 E Washington St,Walterboro,SC,29488,COLLETON,(843) 549-2303,http://www.colletonmuseum.org,NO,NO,NO,NO,YES,YES,YES,YES,NO,NO,NO,NO,YES,NO,YES,YES,NO,YES,YES,YES,YES,,32.9040069,-80.661134,osm
-9003771.095,4045904.516,9961,Richland Library Sandhills Farmers Market At R2I2,763 Fashion Drive,Columbia,SC,29229,RICHLAND,803-231-6365,,YES,YES,YES,YES,YES,YES,YES,YES,YES,YES,YES,YES,YES,NO,YES,YES,,YES,YES,YES,HANDLED BY INDIVIDUAL VENDOR,NO,34.12792,-80.8829,census
-9021047,4029366.988,9962,Richland Library Main,1431 Assembly St,Columbia,SC,29201,RICHLAND,803-929-3447,http://www.richlandlibrary.com/,YES,YES,YES,YES,YES,YES,YES,YES,YES,YES,YES,YES,YES,YES,YES,YES,NO,YES,YES,YES,HANDLED BY INDIVIDUAL VENDOR,YES,34.003914,-81.03674,census
-8988029.742,3827131.882,9964,Mikell's Fruit Roadside Stand,3 Poppy Hill Road,Beaufort,SC,29906,BEAUFORT,,,NO,NO,NO,NO,NO,YES,YES,YES,YES,YES,NO,NO,YES,,YES,YES,EBT,NO,NO,YES,HANDLED BY INDIVIDUAL VENDOR,NO,32.484924,-80.74147,census
-8969817.862,3814412.234,9965,Penn Center Farmer's Market,16 Penn Center Circle West,St. Helena Island,SC,29920,BEAUFORT,,http://www.penncenter.com,NO,NO,NO,NO,NO,YES,YES,YES,YES,YES,NO,NO,YES,,,,Cash App,NO,NO,NO,,,32.389095,-80.57652,census
-8799677.459,3980235.537,9966,Freewoods Farm Market House,9515 Freewoods Rd.,Myrtle Beach,SC,29588,HORRY,843-650-2064,http://www.freewoodsfarm.com,NO,NO,NO,NO,NO,YES,YES,YES,YES,NO,NO,NO,YES,YES,NO,NO,,YES,YES,NO,,NO,33.637535,-79.04907,census
-8758866.608,4005597.451,9968,North Myrtle Beach Farmers Market,925 1St Ave. South,North Myrtle Beach,SC,29582,HORRY,843-839-4488,http://waccamawmarkets.org,NO,NO,NO,NO,YES,YES,YES,YES,YES,YES,NO,NO,YES,YES,YES,YES,,YES,YES,YES,HANDLED BY INDIVIDUAL VENDOR,NO,33.82705354,-78.68230008,osm
-8890354.312,4126308.648,9970,The Produce Barn,4264 Delta Heights Road,Wallace,SC,29596,MARLBORO,843-287-4225,,NO,NO,YES,YES,YES,YES,YES,YES,YES,YES,YES,NO,YES,YES,NO,NO,,NO,NO,NO,,NO,34.722034,-79.86511,census
-8916521.316,4128275.173,9971,Sellers Farm Produce- Chesterfield,1220 W. Main Street,Chesterfield,SC,29709,CHESTERFIELD,,,NO,NO,NO,YES,YES,YES,YES,YES,YES,YES,YES,YES,YES,YES,NO,NO,,YES,YES,NO,,NO,34.737186,-80.10562,census
-8932688.174,4057823.72,9973,Lee County Farm And Garden Market (Ace Hardware Site- Bishopville),576 Sumter Highway,Bishopville,SC,29010,LEE,803-229-2679,,NO,NO,NO,NO,YES,YES,YES,YES,YES,YES,NO,NO,YES,YES,NO,NO,,YES,YES,YES,HANDLED BY INDIVIDUAL VENDOR,YES,34.204326,-80.270365,osm
-8837051.411,4081678.158,9976,Robert Farm Market Produce,1717 Hwy 301 South,Dillon,SC,29536,DILLON,No Phone,,NO,NO,NO,NO,YES,YES,YES,YES,YES,YES,YES,YES,YES,YES,NO,NO,,YES,YES,NO,,NO,34.3928487,-79.38451088,osm
-8933017.026,4094620.273,9983,Us Hwy 1 Mcleod Market,25455 Us Hwy 1,Mcbee,SC,29101,CHESTERFIELD,843-335-8340,http://www.macspride.com/,NO,NO,NO,YES,YES,YES,YES,YES,YES,NO,NO,NO,YES,YES,YES,YES,,YES,YES,YES,HANDLED BY INDIVIDUAL VENDOR,NO,34.48943,-80.24641,census
-8894052.047,4121343.184,9987,Jacobs Fresh Market,101 Chesterfield Hwy,Cheraw,SC,29520,CHESTERFIELD,843-253-3525,,NO,NO,YES,YES,YES,YES,YES,YES,YES,YES,YES,YES,YES,YES,YES,YES,,NO,NO,YES,HANDLED BY INDIVIDUAL VENDOR,NO,34.691235,-79.90306,census
-8888217.862,4017078.927,9988,Mckenzie Farms & Nursery,2107 Olanta Highway,Scranton,SC,29591,FLORENCE,843-389-4831,http://www.mckenziesfarm.com/,YES,YES,YES,YES,YES,YES,YES,YES,YES,YES,YES,YES,YES,YES,YES,YES,,YES,YES,YES,HANDLED BY INDIVIDUAL VENDOR,NO,33.91145,-79.84043,census
-9059707.137,3931684.309,9993,King Mackerel,12138 Hwy 278,Barnwell,SC,29812,BARNWELL,803-259-4037,,YES,YES,YES,YES,YES,YES,YES,YES,YES,YES,YES,YES,YES,YES,YES,YES,,NO,NO,YES,HANDLED BY INDIVIDUAL VENDOR,YES,33.27357339,-81.38502975,osm
-8945738.184,4018131.239,9997,American Legion Post 15 Farmers Market (Newmans Farm House),25 Artillery Drive,Sumter,SC,29150,SUMTER,(803) 983-3249,AmericanLegionFarmersMarket.com,YES,YES,YES,YES,YES,YES,YES,YES,YES,YES,YES,YES,YES,YES,YES,YES,,NO,YES,NO,N/A,,33.91779874,-80.36048906,osm
-8947075.887,4019730.62,10002,Sumter Farmers Market,200 Miller Road,Sumter,SC,29150,SUMTER,,http://www.sumterfarmersmarket.com,NO,NO,NO,YES,YES,YES,YES,YES,YES,YES,YES,NO,YES,NO,YES,YES,,YES,YES,YES,HANDLED THROUGH OUTLET-WIDE PROGRAM,,33.93248,-80.37287,census
-8944668.687,4014132.699,10004,Turkey Creek Bee Farmers Market,1100 S. Guignard Dr.,Sumter,SC,29154,SUMTER,803-795-9289,,NO,NO,NO,NO,NO,YES,YES,NO,NO,NO,NO,NO,YES,NO,NO,NO,,NO,NO,NO,N/A,NO,33.888953,-80.350954,osm
-8944971.878,4016740.669,10005,Farm Fresh Produce,425 S. Guignard Dr.,Sumter,SC,29150,SUMTER,,,NO,NO,YES,YES,YES,YES,YES,YES,YES,YES,YES,YES,YES,NO,YES,YES,,NO,NO,YES,HANDLED BY INDIVIDUAL VENDOR,,33.929024,-80.366425,census
-8943522.307,4016641.524,10006,South Sumter Farmers Market,337 Manning Ave.,Sumter,SC,29150,SUMTER,803-774-7776,,NO,NO,NO,NO,NO,YES,YES,YES,YES,YES,NO,NO,YES,NO,NO,YES,N/A,YES,YES,YES,HANDLED THROUGH OUTLET-WIDE PROGRAM,YES,33.910115,-80.341042,osm
-9016739.752,4025474.527,10007,Owens Field Farmers Market,1402 Jim Hamilton Boulevard,Columbia,SC,29206,RICHLAND,,,YES,YES,YES,YES,YES,YES,YES,YES,YES,YES,YES,YES,YES,YES,YES,YES,,NO,NO,NO,,,33.976883,-81.00142,census
-9024422.292,4027573.203,10008,Latham's Produce,906 Meeting Street,West Columbia,SC,29169,LEXINGTON,,,NO,NO,NO,NO,NO,NO,YES,YES,YES,NO,NO,NO,YES,YES,YES,YES,,NO,NO,NO,,,33.990784,-81.06783,census
-9030381.673,4025834.698,10009,Zack's Produce And Flowers,3107 Augusta Road,West Columbia,SC,29169,LEXINGTON,803-622-4843,,NO,NO,YES,YES,YES,YES,YES,YES,YES,NO,NO,NO,YES,YES,YES,YES,,NO,NO,NO,,,33.9845405,-81.0919788,osm
-9006089.835,4021731.705,10010,Cottle Strawberry Farm,2533 Trotter Road,Hopkins,SC,29061,RICHLAND,803-695-1714,http://www.cottlestrawberryfarm.com,NO,NO,NO,YES,YES,YES,NO,NO,NO,NO,NO,NO,YES,YES,YES,YES,,NO,NO,NO,,,33.946983,-80.90267,census
-9005934.7,4129721.476,10014,Jordan Fresh Farms,1099 Seegars Rd,Fort Lawn,SC,29714,CHESTER,803-448-4475,,NO,NO,NO,YES,YES,YES,YES,YES,YES,YES,NO,NO,YES,NO,YES,YES,,NO,NO,NO,,,34.748672,-80.90065,census
-9019517.216,4154150.542,10016,Old Town Farmers Market At Legal Remedy Brewing,129 Oakland Ave,Rock Hill,SC,29732,YORK,,http://www.onlyinoldtown.com,NO,NO,NO,YES,YES,YES,YES,YES,YES,YES,YES,NO,YES,,,,,,,,,,34.930004,-81.02396,census
-9091965.56,3983192.351,10018,Sara's Fresh Market,2601 Columbia Hwy North,Aiken,SC,29805,AIKEN,803-642-1133,http://titanfarms.com,NO,NO,NO,NO,YES,YES,YES,YES,YES,NO,NO,NO,YES,YES,YES,YES,,YES,YES,NO,,NO,33.660263,-81.67451,census
-8838820.886,4053058.378,10819,Marion Farmers' Market,229 North Main,Marion,SC,29571,MARION,843-423-9891,www.theswampfox.org,NO,NO,YES,YES,YES,YES,YES,YES,YES,YES,YES,NO,YES,NO,YES,YES,,NO,NO,NO,N/A,NO,34.180344,-79.40025,census
-8832147.789,4044138.843,10821,Herbie's Produce at Sparky's,2416 South HWY. 501,Marion,SC,29571,MARION,8434304814,,NO,NO,NO,NO,YES,YES,YES,YES,YES,NO,NO,NO,YES,NO,NO,NO,NO,NO,NO,NO,,NO,34.113598,-79.3405,census
-8753180.967,4018914.048,11221,Indigo Farms Market,2000 HWY 57,Little River,SC,29566,HORRY,843-399-6902,www.indigofarmsmarket.com,NO,NO,YES,YES,YES,YES,YES,YES,YES,YES,YES,NO,YES,YES,YES,YES,,NO,NO,NO,,NO,33.92593178,-78.6320316,osm
-8807755.551,3954782.193,11225,Mary Beth's Sustainable Foods,11151 Ocean HWY,Pawleys Island,SC,29585,GEORGETOWN,843-458-9009,,NO,NO,NO,NO,YES,YES,YES,YES,YES,YES,NO,NO,YES,NO,YES,YES,,NO,NO,NO,,NO,33.44674014,-79.12160671,osm
-8800865.489,4006564.925,11624,Chops Produce and Community Cannery,505 Church St,Conway,SC,29526,HORRY,843-248-1784,www.palmettoworks.com,NO,NO,NO,YES,YES,YES,YES,YES,YES,YES,YES,NO,YES,NO,YES,YES,,NO,NO,NO,,NO,33.8337767,-79.05920257,osm
-9093496.758,4040510.773,12019,"Patchwork Farm, LLC",110 Dairy Lane,Saluda,SC,29138,SALUDA,,,NO,NO,YES,YES,YES,YES,YES,YES,YES,YES,YES,YES,YES,YES,YES,YES,,NO,NO,NO,,,34.084667,-81.68767,census
-8934895.823,4056796.783,12822,Lee Co. Farmers Market - Jared's Ace Hardware,576 Sumter Hwy,Bishopville,,29010,LEE,8032292679,,NO,NO,NO,NO,YES,YES,YES,YES,YES,YES,NO,NO,YES,YES,,,,YES,YES,YES,HANDLED BY INDIVIDUAL VENDOR,YES,34.204326,-80.270365,osm
-8860487.433,3984328.487,13619,Williams Vineyard and Farm,21 Gabriel Place,Nesmith,,29580,WILLIAMSBURG,8433828251,,,,,,,,,YES,YES,,,,YES,YES,NO,NO,,NO,NO,NO,N/A,NO,33.66822,-79.59543,census
-9155448.671,4082481.732,14019,Ware Shoals Farmers Market,8 Mill Street,Ware Shoals,SC,29692,GREENWOOD,864-456-7478,,NO,NO,NO,NO,NO,NO,YES,YES,NO,NO,NO,NO,YES,NO,NO,NO,None,NO,NO,NO,N/A,NO,34.398033,-82.24598,census
-9113439.36,4084886.598,14020,Crescent Farms,3111 Highway 56 S,Clinton,SC,29325,LAURENS,802-380-0605,https://www.crescentfarmsc.com,YES,YES,YES,YES,YES,YES,YES,YES,YES,YES,YES,YES,YES,NO,YES,YES,None,NO,NO,NO,,,34.454931,-81.876649,osm
-9134062.181,4089535.756,14022,Highway 221 South Peanuts and Produce,4568 Hwy 221 South,Laurens,SC,29360,LAURENS,,,YES,YES,YES,YES,YES,YES,YES,YES,YES,YES,YES,YES,YES,NO,NO,NO,,NO,NO,NO,,,34.384967,-82.052464,osm
-9221523.085,4139769.528,14023,Mile Creek Farm and Produce,824 Mount Olivet Rd,Six Mile,SC,29682,PICKENS,864-723-4955,https://www.milecreekfarmsixmilesc.com,,,,YES,YES,YES,YES,YES,YES,YES,YES,YES,YES,YES,YES,YES,,,,,,,34.823795,-82.8393,census
-9190609.826,4139845.594,14024,Winslett's Produce Market,401 Powdersville Rd,Easley,SC,29642,PICKENS,864-855-1176,https://www.winslettsmarket.com,YES,YES,YES,YES,YES,YES,YES,YES,YES,YES,YES,YES,YES,YES,YES,YES,Apple Pay,NO,NO,NO,,,34.82318,-82.56093,census
-9179359.675,4102709.526,14420,Barefoot Farms of Belton,293 Murphy Rd,Belton,SC,29627,ANDERSON,864-338-3276,,YES,YES,YES,YES,YES,YES,YES,YES,YES,YES,YES,YES,YES,YES,YES,NO,None,,,,,,34.548313,-82.45879,census
-8846416.052,3908526.854,14821,McClellanville Land and Sea Market,1369 North Pinckney Street,McClellanville,SC,29458,CHARLESTON,,http://landandseamcvl.com/,NO,NO,NO,NO,YES,YES,YES,YES,YES,NO,NO,NO,YES,NO,YES,YES,,NO,NO,NO,,,33.098907,-79.46836,census
-8885064.106,3874082.7,14822,East Cooper Community Outreach,1145 6 Mile Rd,Mt Pleasant,SC,29466,CHARLESTON,,,YES,YES,YES,YES,YES,YES,YES,YES,YES,YES,YES,YES,NO,NO,NO,NO,Free,NO,NO,NO,N/A,NO,32.839806,-79.81519,census
-8902406.675,3877368.038,15219,Celadons Flea & Farmers Market,2221 Noisette Blvd.,North Charleston,SC,29405,CHARLESTON,843 884 7005,http://celadonathome.com/events/celadons-flea-farmers-market/,NO,NO,YES,YES,YES,YES,YES,YES,YES,YES,YES,YES,YES,,,,,,,,,,32.86549582,-79.9710757,osm
-9012402.532,4070037.005,16019,Fairfield Farmers and Artisans Market,170 Palmer Street,Ridgeway,SC,29103,FAIRFIELD,803-627-0489,,,,,,YES,YES,YES,YES,YES,,,,YES,YES,YES,YES,,NO,YES,NO,,,34.30887865,-80.96213356,osm
-9012356.139,4031649.221,16420,Cottle Strawberry Farm,5143 Forest Drive,Columbia,SC,29206,RICHLAND,803-695-1714,www.cottlestrawberryfarm.com,NO,NO,NO,YES,YES,YES,NO,NO,NO,NO,NO,NO,YES,YES,YES,YES,,NO,NO,NO,,,34.020306,-80.96049,census
-9010625.556,4024110.321,16421,Cottle Strawberry Farm,7501 Garners Ferry Road,Columbia,SC,29209,RICHLAND,803-695-1714,www.cottlestrawberryfarm.com,NO,NO,NO,YES,YES,YES,NO,NO,NO,NO,NO,NO,YES,YES,YES,YES,,NO,NO,NO,,,33.965546,-80.94373,census
-9022949.446,4028121.952,16423,Cottle Strawberry Farm,1835 1/2 Sunset Blvd,West Columbia,SC,29169,LEXINGTON,803-695-1714,www.cottlestrawberryfarms.com,NO,NO,NO,YES,YES,YES,NO,NO,NO,NO,NO,NO,YES,YES,YES,YES,,NO,NO,NO,,,33.99901,-81.091484,census
-9027185.193,4028659.58,16819,Cottle Strawberry Farm,1835 1/2 Sunset Blvd,West Columbia,SC,29169,LEXINGTON,8036951714,www.cottlestrawberryfarm.com,NO,NO,NO,YES,YES,YES,NO,NO,NO,NO,NO,NO,YES,YES,YES,YES,,NO,NO,NO,,,33.99901,-81.091484,census
-8947257.916,4019813.62,18419,USC Farmers Market (Dorr Farms),200 Miller Road,Sumter,SC,29150,SUMTER,(803) 495-2639,N/A,NO,NO,NO,YES,YES,YES,YES,YES,YES,YES,YES,YES,YES,YES,YES,YES,Pay Pal,NO,YES,NO,N/A,NO,33.93248,-80.37287,census
-8947254.93,4019816.904,18819,USC Farmers Market (Wildfire Farms),200 Miller Road,Sumter,SC,29150,SUMTER,(803) 499-1749,,NO,NO,NO,YES,YES,YES,YES,YES,YES,YES,YES,NO,YES,NO,YES,YES,,NO,NO,NO,,,33.93248,-80.37287,census
-8945802.913,4018194.262,19219,American Legion Farmers Market (Newmans Farm House),25 Artillery Drive,Sumter,SC,29150,SUMTER,(803) 983-3249,americanlegionfarmersmarket.com,YES,YES,YES,YES,YES,YES,YES,YES,YES,YES,YES,YES,YES,YES,YES,YES,,NO,YES,NO,N/A,NO,33.91779874,-80.36048906,osm
-8945790.173,4018251.59,19220,American Legion Farmers Market ( M & M Farms),25 Artillery Road,Sumter,SC,29150,SUMTER,(803) 486-5357,,YES,YES,YES,YES,YES,YES,YES,YES,YES,YES,YES,YES,YES,NO,YES,YES,,YES,YES,NO,N/A,NO,33.91779874,-80.36048906,osm
-8945755.14,4018222.926,19221,American Legion Farmers Market (Munoz),25 Artillery Drive,Sumter,SC,29150,SUMTER,(843) 598-4701,,YES,YES,YES,YES,YES,YES,YES,YES,YES,YES,YES,YES,YES,YES,YES,YES,,NO,NO,NO,N/A,NO,33.91779874,-80.36048906,osm
-8945764.694,4018289.808,19222,American Legion Farmers Market (Harris Naturally Grown,25 Artillery Drive,Sumter,SC,29150,SUMTER,(843) 992-3780,,YES,YES,YES,YES,YES,YES,YES,YES,YES,YES,YES,NO,YES,NO,YES,YES,Venmo,NO,NO,NO,N/A,NO,33.91779874,-80.36048906,osm
-8947258.4,4019816.022,19619,USC Farmers' Market (The Veggie Patch),200 Miller Road,Sumter,SC,29150,SUMTER,(803) 206-6480,,NO,NO,NO,YES,YES,YES,YES,YES,YES,YES,YES,YES,YES,YES,NO,NO,Venmo,YES,YES,NO,N/A,NO,33.93248,-80.37287,census
-9018129.878,4040909.905,20019,Sal's Ol' Timey Feed and Seed,113 Hilltop Dr.,Columbia,SC,29203,RICHLAND,803-786-6546,https://salslocalseed.com/,YES,YES,YES,YES,YES,YES,YES,YES,YES,YES,YES,YES,YES,,YES,YES,,NO,NO,NO,,,34.090275,-81.011375,census
-8967424.679,3815955.574,9587,Pasture Shed Farm,1083 Sea Island Pkwy,St. Helena Island,SC,29920,BEAUFORT,8435217063,,YES,YES,YES,YES,YES,YES,YES,YES,YES,YES,YES,YES,YES,YES,NO,NO,NO,NO,NO,NO,,,32.40202193,-80.555966,Google Maps
-9021051.53,3934883.284,9590,S & S Produce,Intersection Of Calhoun St. And Hwy 78,Bamberg,SC,29003,BAMBERG,803-747-4560,,NO,NO,YES,YES,YES,YES,YES,NO,NO,NO,NO,NO,YES,NO,NO,NO,NO,NO,NO,NO,,,33.29783776,-81.03747796,Google Maps
-8922539.86,3844529.519,9591,Rosebank Farm,4362 Betsy Kerrison Pkwy,Johns Island,SC,29455,CHARLESTON,8437680508,http://www.rosebankfarms.com,NO,NO,NO,YES,YES,YES,YES,YES,YES,YES,YES,YES,YES,YES,YES,YES,NO,NO,NO,NO,,,32.61777458,-80.15422315,Google Maps
-8981998.654,3814411.974,9593,Port Royal Farmers Market,Ribaut Road Intersection Of Pinckney Blvd.,Port Royal,SC,29935,BEAUFORT,(843)470-0699 OR (843)492-2211,http://www.portroyalfarmersmarket.com,YES,YES,YES,YES,YES,YES,YES,YES,YES,YES,YES,YES,YES,NO,NO,YES,NO,YES,YES,YES,HANDLED BY INDIVIDUAL VENDOR,,32.39002552,-80.68682212,Google Maps
-9001561.421,3794232.197,9595,Farmer's Market Of Bluffton,Calhoun St. Intersection Of Lawton St.,Bluffton,SC,29910,BEAUFORT,8434152446,http://www.farmersmarketbluffton.com,NO,NO,NO,YES,YES,YES,YES,YES,YES,NO,NO,NO,YES,YES,YES,YES,NO,YES,YES,YES,HANDLED THROUGH OUTLET-WIDE PROGRAM,,32.2374171,-80.86239822,Google Maps
-8845400.838,3910108.047,9607,Branton Produce,10616 N Hwy 17,Mcclellanville,SC,29458,CHARLESTON,8438873126,,NO,NO,NO,NO,NO,YES,YES,YES,YES,YES,YES,YES,YES,YES,NO,NO,NO,YES,YES,NO,,,33.11136056,-79.46049426,Google Maps
-8883733.245,3875712.886,9608,Boone Hall Farms Market Produce Stand,2330 North Highway 17,Mt Pleasant,SC,29466,CHARLESTON,8438844371,http://www.boonehallfarms.com,NO,NO,YES,YES,YES,YES,YES,YES,YES,YES,YES,YES,YES,YES,YES,YES,NO,NO,NO,NO,,,32.85221178,-79.80639255,Google Maps
-8932330.445,3896331.222,9609,Rivers Vegetable Market,200 Cone Ln.,Summerville,SC,29483,DORCHESTER,8438759036,,YES,YES,YES,YES,YES,YES,YES,YES,YES,YES,YES,YES,YES,YES,NO,YES,NO,YES,YES,YES,HANDLED BY INDIVIDUAL VENDOR,,33.0097321,-80.24109315,Google Maps
-9027076.824,3876446.422,9611,Hampton County Farmer's Market,Intersection Of Center St. And W.Carolina Ave.,Hampton,SC,29924,HAMPTON,8039422324,,NO,NO,NO,NO,YES,YES,YES,YES,YES,YES,YES,YES,YES,NO,NO,NO,NO,YES,YES,NO,,,32.85834115,-81.09152242,Google Maps
-8970536.08,3808732.152,9617,Marshview Farm,1257 Seaside Rd.,St. Helena Island,SC,29920,BEAUFORT,5129697300,,NO,NO,NO,NO,YES,YES,YES,YES,YES,YES,NO,NO,YES,YES,YES,YES,NO,YES,YES,YES,YES,,32.34762517,-80.58450852,Google Maps
-8962641.196,3817486.916,9618,Dempsey Farms,1576 Sea Island Pkwy,St. Helena Island,SC,29920,BEAUFORT,8438383656,http://www.dempseyfarmsupick.com/,NO,NO,YES,YES,YES,YES,YES,YES,YES,YES,YES,NO,YES,YES,NO,NO,NO,NO,NO,NO,NO,,32.32828611,-80.60545881,Google Maps
-8969013.045,3815884.826,9620,Barefoot Farms,939 Sea Island Pkwy,St. Helena Island,SC,29920,BEAUFORT,8438387421,,NO,NO,NO,YES,YES,YES,YES,YES,YES,YES,NO,NO,YES,YES,YES,YES,NO,YES,YES,YES,YES,,32.40122042,-80.5704695,Google Maps
-8995507.934,3928809.674,9627,Branchville Farmer's Market,Freedom Rd Us 21/ 78 At Railroad Tracks,Branchville,SC,29432,ORANGEBURG,8033471604,http://branchville.sc.gov/community/farmers-market,NO,NO,NO,NO,NO,YES,YES,YES,YES,NO,NO,NO,YES,NO,NO,NO,NO,YES,YES,NO,,,33.25284535,-80.81533927,Google Maps
-8914704.165,3850330.88,9633,Fields Family Farm,3129 River Rd,Johns Island,SC,29455,CHARLESTON,843-729-9606,,YES,YES,YES,YES,YES,YES,YES,YES,YES,YES,YES,YES,YES,YES,YES,YES,NO,YES,YES,YES,HANDLED BY INDIVIDUAL VENDOR,YES,32.68285978,-80.02449962,Google Maps
-8773423.798,4009301.168,9693,Jaw's Produce,6951 Hwy 90,Longs,SC,29568,HORRY,843-457-5259,http://sites.google.com/site/jawsproduce,YES,YES,YES,YES,YES,YES,YES,YES,YES,YES,YES,YES,YES,YES,YES,YES,NO,NO,NO,YES,HANDLED BY INDIVIDUAL VENDOR,NO,33.8602987,-78.8163573,Google Maps
-8885643.195,3984070.229,9713,Williamsburg County Farmers Market,East Main Street Intersection Of Madison Avenue,Kingstree,SC,29556,WILLIAMSBURG,8433569493,,NO,NO,NO,YES,YES,YES,YES,YES,YES,YES,YES,YES,YES,NO,NO,NO,NO,YES,YES,NO,N/A,NO,33.66712055,-79.82096194,Google Maps
-9097604.351,3974588.936,9719,Jackson's Peach Stand,Intersection Of Croft Mill Rd. And Hwy 19,Aiken,SC,29801,AIKEN,(803) 637-3265,,NO,NO,NO,NO,YES,YES,YES,YES,NO,NO,NO,NO,YES,YES,NO,NO,NO,NO,NO,NO,,,33.59696669,-81.72536794,Google Maps
-8800157.931,3967509.089,9725,Lee's Farmers Market,4883 Hwy 17 Bypass N.,Murrells Inlet,SC,29576,GEORGETOWN,8436517398,http://www.leesfarmersmarket.com,YES,YES,YES,YES,YES,YES,YES,YES,YES,YES,YES,YES,YES,YES,YES,YES,NO,YES,YES,YES,HANDLED BY INDIVIDUAL VENDOR,NO,33.54168449,-79.04980241,Google Maps
-8808655.789,4014948.428,9728,Carrols Produce - Enoch Road,Intersection Of Enoch Rd. And Hwy 501 W.,Conway,SC,29526,HORRY,8434216294,,NO,NO,YES,YES,YES,YES,YES,YES,YES,YES,NO,NO,YES,YES,NO,NO,NO,NO,NO,NO,N/A,NO,33.90794395,-79.13365146,Google Maps
-8814293.873,4023605.768,9730,Bobby's Produce,Intersection Of Hwy 501 W. And Wm. Nobles Rd.,Aynor,SC,29511,HORRY,,,NO,NO,NO,YES,YES,YES,YES,YES,YES,YES,YES,YES,YES,YES,YES,YES,NO,YES,YES,NO,N/A,NO,33.96230254,-79.18035726,Google Maps
-8810959.079,4017666.454,9731,Dean's Produce,Intersection Of Hwy 22 And Hwy 501 W.,Aynor,SC,29511,HORRY,8432892395,,NO,NO,NO,YES,YES,YES,YES,YES,YES,NO,NO,NO,YES,YES,NO,NO,NO,NO,NO,NO,N/A,NO,33.92114725,-79.15241357,Google Maps
-9125323.4,4183879.957,9740,Mcdowell Farms,3731 Hwy 11 W.,Chesnee,SC,29323,SPARTANBURG,8649788158,,NO,NO,NO,YES,YES,YES,YES,YES,YES,YES,NO,NO,YES,YES,YES,YES,NO,NO,NO,YES,VENDOR,,35.14806684,-81.97464167,Google Maps
-8945360.389,3993793.958,9748,The Fruit Stand,Intersection Of Hwy 15 South And Hwy 261,Sumter,SC,29154,CLARENDON,,,NO,NO,NO,YES,YES,YES,NO,NO,NO,NO,NO,NO,YES,NO,NO,NO,NO,NO,NO,NO,,,33.76145785,-80.35865944,Google Maps
-8957901.912,4032909.179,9749,Wildfire Farm,Intersection Of Hwy 521 And Hwy 441,Dalzell,SC,29040,SUMTER,(803) 499-1749,,NO,NO,NO,NO,YES,YES,YES,NO,NO,NO,NO,NO,YES,NO,NO,NO,NO,NO,NO,NO,,,34.03341207,-80.46334124,Google Maps
-8943926.764,4018694.337,9750,Matthews Produce,Intersection Of Hwy 521 And Hwy 441,Sumter,SC,29150,SUMTER,(352) 457-2238,,NO,NO,NO,NO,NO,YES,YES,YES,NO,NO,NO,NO,YES,NO,YES,YES,NO,NO,NO,NO,,,34.03341207,-80.46334124,Google Maps
-8945763.598,4018018.397,9751,Bradley's Produce,Intersection Of S.Guignard Dr. And Hwy 763,Sumter,SC,29150,SUMTER,(803) 774-5050,,NO,NO,NO,YES,YES,YES,YES,YES,NO,NO,NO,NO,YES,NO,YES,YES,NO,NO,NO,NO,,,33.92138973,-80.35960188,Google Maps
-8948220.535,4022967.212,9752,Deaton Produce,Intersection Of Broad St. At Hwy 378/76,Sumter,SC,29150,SUMTER,,,NO,NO,NO,NO,YES,YES,YES,YES,NO,NO,NO,NO,YES,NO,NO,NO,NO,NO,NO,NO,,,33.95665351,-80.38381603,Google Maps
-9183442.932,4099750.756,9769,Belton Farmer's Market,N.Main St. Intersection Of Blake St.,Belton,SC,29627,ANDERSON,,http://www.cityofbeltonsc.com,NO,NO,NO,NO,NO,YES,YES,YES,YES,YES,NO,NO,YES,YES,NO,NO,NO,YES,YES,NO,,,34.52804217,-82.49586968,Google Maps
-9202105.15,4070064.891,9778,Iva Farmer's Market,Sc Hwy 81 Intersection Of East And West Broad Streets,Iva,SC,29655,ANDERSON,,http://townofiva.org/,NO,NO,NO,NO,YES,YES,YES,YES,YES,YES,NO,NO,YES,YES,YES,YES,NO,YES,YES,YES,HANDLED BY INDIVIDUAL VENDOR,,34.30671403,-82.66390094,Google Maps
-9215470.718,4116466.694,9779,Pendleton Farmers' Market,S. Mechanic St. Intersection Of E. Main St.,Pendleton,SC,29670,ANDERSON,,http://townofpendleton.org/,NO,NO,NO,NO,NO,YES,YES,YES,YES,NO,NO,NO,YES,YES,NO,NO,NO,NO,NO,NO,,,34.65214911,-82.78410114,Google Maps
-8928812.612,3987957.872,9793,Manning Farmers Market,Intersection Of Church St. And Boyce St.,Manning,SC,29102,CLARENDON,8034358477,,NO,NO,NO,NO,NO,YES,YES,YES,YES,NO,NO,NO,YES,NO,YES,YES,NO,YES,YES,YES,HANDLED BY INDIVIDUAL VENDOR,,33.69627544,-80.20922248,Google Maps
-8838964.15,4092795.519,9796,Williams Produce,2408 Hwy 9 West,Dillon,SC,29536,DILLON,8437743610,,YES,NO,NO,NO,NO,YES,YES,YES,YES,NO,YES,YES,YES,NO,YES,YES,NO,YES,YES,YES,HANDLED BY INDIVIDUAL VENDOR,NO,34.47650334,-79.40174047,Google Maps
-9108017.884,4004414.346,9797,Johnston Farmers Market,Intersection Of Hwy 23 And Calhoun St.,Johnston,SC,29832,EDGEFIELD,8032750010,,NO,NO,NO,NO,NO,YES,YES,YES,YES,YES,YES,YES,YES,NO,NO,NO,NO,NO,NO,NO,,,33.83125671,-81.80194366,Google Maps
-9120387.532,4000596.21,9801,Edgefield Farmers' Market,Intersection Of Main St. And Courthouse Square,Edgefield,SC,29824,EDGEFIELD,8035070278,http://www.exploreedgefield.com,NO,NO,NO,YES,YES,YES,YES,YES,YES,YES,NO,NO,YES,YES,NO,NO,NO,NO,NO,NO,,,33.79137819,-81.92903228,Google Maps
-8879916.783,4051295.949,9803,Lambs Produce,Intersection Of Irby St. And 419 Second Loop Rd.,Florence,SC,29505,FLORENCE,8436656604,,NO,NO,YES,YES,YES,YES,YES,YES,YES,YES,YES,YES,YES,YES,YES,YES,NO,YES,YES,YES,HANDLED BY INDIVIDUAL VENDOR,NO,34.16783112,-79.76430551,Google Maps
-8855611.199,3954688.696,9810,Farmer Ed's Produce,614 Brooks Rd.,Andrews,SC,29510,GEORGETOWN,843-264-5241,,YES,YES,YES,YES,YES,YES,YES,YES,YES,YES,YES,YES,YES,YES,YES,YES,NO,YES,YES,YES,HANDLED BY INDIVIDUAL VENDOR,NO,33.44747286,-79.55136575,Google Maps
-9156148.897,4128494.971,9813,Simpsonville Farmers' Market,Simpsonville City Park In The 400 Block Of East Curtis St.,Simpsonville,SC,29681,GREENVILLE,,http://www.simpsonvillefarmersmarket.com,NO,NO,NO,NO,YES,YES,YES,YES,YES,YES,NO,NO,YES,YES,YES,YES,NO,YES,YES,YES,HANDLED BY INDIVIDUAL VENDOR,,34.73918772,-82.25067479,Google Maps
-9152539.447,4076326.655,9822,Early Bird Farms,6902 Hwy 25 N,Hodges,SC,29653,GREENWOOD,8649427566,,YES,YES,YES,YES,YES,YES,YES,YES,YES,YES,YES,YES,YES,YES,YES,YES,NO,YES,YES,YES,HANDLED BY INDIVIDUAL VENDOR,,34.35403784,-82.21780764,Google Maps
-8768447.336,4030015.107,9824,Bellamy Farms,4347 E. Hwy 9,Loris,SC,29569,HORRY,8437566741,,NO,NO,YES,YES,YES,YES,YES,YES,YES,YES,YES,NO,YES,YES,YES,YES,NO,YES,YES,YES,HANDLED BY INDIVIDUAL VENDOR,,34.00741668,-78.76207107,Google Maps
-8779314.507,4028167.456,9826,Holmes Farms Produce,2650 Red Bluff Rd.,Loris,SC,29569,HORRY,8437562378,,YES,YES,YES,YES,YES,YES,YES,YES,YES,YES,YES,YES,YES,YES,YES,YES,NO,YES,YES,YES,HANDLED BY INDIVIDUAL VENDOR,NO,33.9970017,-78.86627547,Google Maps
-8795628.256,4001451.04,9834,Coastal Carolina University (CCU) Farmers Market,"Prince Lawn, 100 Chanticleer Dr. E.",Conway,SC,29527,HORRY,843-839-4488,http://www.waccamawmarkets.org,NO,NO,NO,YES,NO,NO,NO,NO,NO,NO,NO,NO,YES,YES,YES,YES,NO,YES,YES,YES,HANDLED BY INDIVIDUAL VENDOR,NO,33.79626665,-79.00764925,Google Maps
-8787541.237,3984603.089,9841,Market Common Farmers Market,Deville St. At Market Common,Myrtle Beach,SC,29577,HORRY,843-839-4488,http://www.waccamawmarkets.org,NO,NO,NO,NO,NO,YES,YES,YES,YES,YES,NO,NO,YES,YES,YES,YES,NO,YES,YES,YES,HANDLED BY INDIVIDUAL VENDOR,NO,33.67080881,-78.93922846,Google Maps
-8791388.486,3976156.862,9843,Surfside Beach Farmers Market,Corner of Surfside Drive and Willow Drive N.,Surfside Beach,SC,29575,HORRY,843-839-4488,http://www.waccamawmarkets.org,NO,NO,NO,NO,YES,YES,YES,YES,YES,YES,NO,NO,YES,YES,YES,YES,NO,YES,YES,YES,HANDLED BY INDIVIDUAL VENDOR,NO,33.60839004,-78.97462174,Google Maps
-9053829.295,4025913.351,9850,Rawl's,Intersection Of Calks Ferry Rd. And Hwy 1,Lexington,SC,29072,LEXINGTON,8033594415,http://www.rawlfarms.com,NO,NO,YES,YES,YES,YES,YES,YES,YES,YES,YES,NO,YES,YES,NO,NO,NO,NO,NO,NO,,,33.97954115,-81.33170187,Google Maps
-9237488.978,4101796.098,9869,A & M Produce,515 Dairy Farm Rd.,Fair Play,SC,29643,OCONEE,8647236252,,NO,NO,NO,NO,NO,YES,YES,YES,YES,YES,NO,NO,YES,YES,NO,NO,NO,YES,YES,NO,,,34.54215975,-82.98020215,Google Maps
-9242069.92,4119055.753,9871,Foothills Heritage Market,2063 Sandifer Blvd,Westminster,SC,29693,OCONEE,(864) 972-3192,http://www.foothillsheritagemarket.org,NO,NO,NO,NO,YES,YES,YES,YES,YES,YES,NO,NO,YES,YES,NO,NO,NO,YES,YES,NO,,,34.67010754,-83.02340341,Google Maps
-9225019.592,4142143.696,9873,The Happy Berry,510 Gap Hill Rd.,Six Mile,SC,29682,PICKENS,8643509345,http://www.thehappyberry.com,NO,NO,NO,NO,NO,YES,YES,YES,YES,NO,NO,NO,YES,YES,NO,NO,NO,YES,YES,NO,,,34.84093172,-82.8699442,Google Maps
-9069248.348,4076847.554,9875,Lever Farms,5057 Sc Hwy 34,Pomaria,SC,29126,NEWBERRY,8033215952,http://www.leverfarms.com,NO,NO,NO,YES,YES,YES,NO,NO,NO,YES,NO,NO,YES,YES,YES,YES,NO,NO,NO,NO,,,34.36029233,-81.47419858,Google Maps
-9234127.209,4121173.274,9876,Seneca Farmer's Market,Intersection Of Main St. And North Depot St.,Seneca,SC,29678,OCONEE,8648852726,http://www.seneca.sc.us,NO,NO,NO,NO,YES,YES,YES,YES,YES,YES,NO,NO,YES,NO,NO,NO,NO,YES,YES,NO,,,34.68665033,-82.95125958,Google Maps
-9120695.086,4156879.411,9892,Hub City Farmer's Market - Wall St.,Intersection W Broad St. And Wall St.,Spartanburg,SC,29306,SPARTANBURG,8645850905,http://www.hubcityfm.org,NO,NO,NO,NO,NO,YES,YES,NO,NO,NO,NO,NO,YES,YES,YES,YES,NO,YES,YES,YES,HANDLED THROUGH OUTLET-WIDE PROGRAM,,34.95040034,-81.93275434,Google Maps
-9123048.013,4184230.386,9893,"Strawberry Hill, Usa",3097 Highway 11 W.,Chesnee,SC,29323,SPARTANBURG,8644617225,http://www.strawberryhillusa.com,NO,NO,NO,YES,YES,YES,YES,YES,YES,YES,NO,NO,YES,YES,YES,YES,NO,YES,YES,YES,HANDLED BY INDIVIDUAL VENDOR,,35.15089924,-81.95369474,Google Maps
-9172681.364,4143453.672,9921,TD Saturday Market,Main St. At Mcbee Ave,Greenville,SC,29602,GREENVILLE,,http://www.saturdaymarketlive.com,NO,NO,NO,NO,YES,YES,YES,YES,YES,YES,NO,NO,YES,YES,YES,YES,NO,YES,YES,YES,YES,YES,34.85088821,-82.39940161,Google Maps
-9245981.381,4118898.08,9923,3 Oaks Farm,222 N.Seed Farm Rd.,Westminster,SC,29693,OCONEE,8643244231,http://www.3oaksfarm.com,YES,YES,YES,YES,YES,YES,YES,YES,YES,YES,YES,YES,YES,YES,YES,YES,NO,YES,YES,NO,NO,,34.66995638,-83.05820207,Google Maps
-9054697.382,4049996.345,9931,Robby's Roadside Market,114 Harvest View Drive,Chapin,SC,29036,LEXINGTON,,,YES,YES,YES,YES,YES,YES,YES,YES,YES,YES,YES,YES,YES,YES,NO,NO,NO,NO,NO,NO,,,34.15828467,-81.33910324,Google Maps
-9162305.789,4134054.384,9932,Bewell Mauldin Market,101 E. Butler Rd. Behind The Cultural Center,Mauldin,SC,29662,GREENVILLE,,http://www.mauldinculturalcenter.org,NO,NO,NO,NO,NO,YES,YES,YES,NO,NO,NO,NO,YES,,,,,NO,NO,NO,,,34.78105548,-82.30639574,Google Maps
-9020230.638,4129098.42,9935,The Richburg Market Of Cotton Hills Farm,2875 Lancster Highway,Chester,SC,29729,CHESTER,8033794545,http://cottonhillsfarm.com,NO,NO,NO,NO,YES,YES,YES,YES,YES,NO,NO,NO,YES,YES,YES,YES,,NO,NO,NO,,,34.75191725,-81.05231754,Google Maps
-9236948.081,4148953.92,9938,Salem Open Air Market,Intersection Of Hwy 130 (E. Main St.) And Park Avenue,Salem,SC,29676,OCONEE,,,NO,NO,NO,NO,NO,YES,YES,YES,YES,NO,NO,NO,YES,NO,NO,NO,NO,NO,NO,NO,NO,,34.89179359,-82.97765641,Google Maps
-9186492.137,4116070.782,9940,Carolina Fresh Market And More,6619 Hwy. 29 North,Pelzer,SC,29669,ANDERSON,864-847-1692,,YES,YES,YES,YES,YES,YES,YES,YES,YES,YES,YES,YES,YES,NO,YES,YES,NO,NO,NO,NO,NO,,34.64942107,-82.5242305,Google Maps
-9154202.12,4167949.728,9941,Fisher's Orchard Pick Your Own Farm,650 Fisher Road,Greer,SC,29651,GREENVILLE,864-895-4115,http://fishersorchard.com,NO,NO,NO,NO,NO,NO,YES,YES,NO,NO,NO,NO,YES,YES,YES,YES,,YES,YES,NO,,,35.03046675,-82.23343697,Google Maps
-9116807.096,4092169.459,9945,Craven's Produce,Corner Of Peachtree And Hwy. 76 (West Carolina Ave),Clinton,SC,29325,LAURENS,864-684-0255,,NO,NO,YES,YES,YES,YES,YES,YES,YES,YES,YES,NO,YES,NO,NO,NO,,NO,NO,NO,,,34.47080901,-81.89783091,Google Maps
-8932161.436,4132570.471,9972,Maria's Produce,21121 State Hwy 9,Mt Croghan,SC,29727,CHESTERFIELD,,,YES,YES,YES,YES,YES,YES,YES,YES,YES,YES,YES,YES,YES,,,,,,,,,,34.77032805,-80.23995284,Google Maps
-8833704.22,4044899.196,9975,Carroll's Produce Stand,Hwy 501 S. & Harry Shelley Court,Marion,SC,29571,MARION,No Phone,,NO,NO,NO,NO,NO,YES,YES,YES,NO,NO,NO,NO,YES,YES,YES,YES,,NO,NO,NO,,NO,34.12061841,-79.35456183,Google Maps
-8932163.079,4132570.471,9984,Sellers Farm Produce - Mt Croghan,21121 State Hwy 9,Mt Croghan,SC,29727,CHESTERFIELD,843-517-1201,,NO,NO,NO,NO,NO,YES,YES,YES,YES,YES,YES,YES,YES,NO,NO,NO,,NO,NO,NO,,NO,34.77032805,-80.23995284,Google Maps
-8835663.652,4084946.899,9991,Pop Up Farmers Market,East Main St. & South Railroad Ave.,Dillon,SC,29536,DILLON,843-845-2875,https://www.rali-dchi.com/pop-up-farmers-market,NO,NO,NO,NO,YES,YES,YES,YES,YES,YES,NO,NO,YES,NO,YES,YES,,YES,YES,NO,,NO,34.41736512,-79.37254198,Google Maps
-8945360.538,3993794.555,9995,The Fruit Stand,Hwy. 15 South,Sumter,SC,29154,SUMTER,,,NO,NO,NO,YES,YES,YES,YES,NO,NO,NO,NO,NO,YES,NO,NO,NO,,NO,NO,NO,,NO,33.73998905,-80.35719991,Google Maps
-8945360.837,3993794.555,9996,The Fruit Stand,Hwy 15 South (Towards Summerton),Sumter,SC,29154,SUMTER,,,NO,NO,NO,YES,YES,YES,YES,NO,NO,NO,NO,NO,YES,NO,NO,NO,,NO,NO,NO,,NO,33.73998905,-80.35719991,Google Maps
-8965178.462,4041826.894,10003,Rembert Farmers Market,8380 Camden Hwy,Rembert,SC,29128,SUMTER,803-236-4441,,YES,YES,YES,YES,YES,YES,YES,YES,YES,YES,YES,YES,YES,NO,YES,YES,,NO,NO,YES,HANDLED BY INDIVIDUAL VENDOR,NO,34.09796064,-80.53540428,Google Maps
-9008426.601,4041576.906,10017,Homestead Farmers Market,9201 Two Notch Rd. Suite A,Columbia,SC,29223,RICHLAND,,,NO,NO,NO,YES,YES,YES,YES,YES,YES,YES,NO,NO,YES,NO,YES,YES,,NO,NO,NO,,,34.09620946,-80.92399141,Google Maps
-8764535.654,4020591.992,11224,BELL FARMS PRODUCE,INTERSECTION OF HWY 9 & 905,LONGS,SC,29568,HORRY,843-399-9513,,NO,NO,NO,NO,NO,YES,YES,YES,YES,NO,NO,NO,YES,YES,NO,NO,,NO,NO,NO,,NO,33.93899171,-78.73336011,Google Maps
-8770785.698,3997824.159,11625,Mikes Produce and Seafood,506 Lake Arrowhead Rd,Myrtle Beach,SC,29572,HORRY,843-497-2926,,NO,NO,YES,YES,YES,YES,YES,YES,YES,YES,NO,NO,YES,YES,NO,NO,,NO,NO,NO,N/A,NO,33.77092574,-78.78873702,Google Maps
-8775863.22,4035360.842,11626,Rivers Edge Market,1925 HWY 9 Bypass E,Loris,SC,29569,HORRY,843-283-9944,,NO,NO,NO,NO,YES,YES,YES,YES,YES,YES,NO,NO,YES,YES,YES,YES,,NO,NO,NO,N/A,NO,34.04928744,-78.83446233,Google Maps
-9218817.553,4117737.2,13620,Baker Produce and More,190 New Hope Rd & Hwy 76,Clemson,SC,29631,PICKENS,864-506-5511,,,,,YES,YES,YES,YES,YES,YES,YES,,,YES,YES,YES,YES,,,,,,,34.66084233,-82.81392171,Google Maps
-8922045.48,3848678.613,14823,Freeman's Fresh Produce,3768 Betsy Kerrison Pkwy,Johns Island,SC,29455,CHARLESTON,843-693-7894,,NO,NO,NO,NO,NO,NO,NO,NO,NO,YES,YES,YES,YES,YES,YES,YES,,NO,NO,YES,HANDLED BY INDIVIDUAL VENDOR,YES,32.64751665,-80.1423936,Google Maps
-8883874.027,3875529.22,14824,Bone Hall Plantation and Garden,2521 N Hwy 17,Mt Pleasant,SC,29466,CHARLESTON,843-856-5366,,NO,NO,YES,YES,YES,YES,YES,YES,YES,YES,YES,YES,YES,YES,YES,YES,,NO,NO,NO,,,32.85307411,-79.80545841,Google Maps
-9034975.359,4037981.635,16419,Cottle Strawberry Farm,Harbison across from Publix,Columbia,SC,29209,RICHLAND,803-695-1714,www.cottlestrawberryfarm.com,NO,NO,NO,YES,YES,YES,NO,NO,NO,NO,NO,NO,YES,YES,YES,YES,,NO,NO,NO,,,34.06853215,-81.16268579,Google Maps
-9001278.001,4045051.229,16422,Cottle Strawberry Farm,714 Clemson Road,Columbia,SC,29224,RICHLAND,803-695-1714,www.cottlestrawberryfarm.com,NO,NO,NO,YES,YES,YES,NO,NO,NO,NO,NO,NO,YES,YES,YES,YES,,NO,NO,NO,,,34.12280703,-80.85970191,Google Maps