objectid,id,name,address,city,state,zip,zip4,telephone,type,status,population,county,countyfips,country,latitude,longitude,naics_code,naics_desc,source,sourcedate,val_method,val_date,website,state_id,alt_name,st_fips,owner,ttl_staff,beds,trauma,helipad,geoid,tract_latitude,tract_longitude,lat,lon
232,0006929425,MUSC MEDICAL CENTER,169 ASHLEY AVE,CHARLESTON,SC,29425,NOT AVAILABLE,(843) 792-4000,GENERAL ACUTE CARE,OPEN,713,CHARLESTON,45019,USA,32.785882041,-79.947921358,622110,GENERAL MEDICAL AND SURGICAL HOSPITALS,http://www.scdhec.gov/health/fhpf/healthfacilityregulationslicensing/healthcarefacilitylicensing/licensedfacilitiesbytype/,2019-08-10,IMAGERY/OTHER,2020-03-24,http://www.muschealth.com,38783366,NOT AVAILABLE,45,GOVERNMENT - DISTRICT/AUTHORITY,-999,713,"LEVEL I, LEVEL I PEDIATRIC",N,45019000600,+32.7850610,-079.9510689,32.7858820408023,-79.9479213584201
1523,0000000032,MONCRIEF ARMY COMMUNITY HOSPITAL,4500 STUART ST,FORT JACKSON,SC,29206,NOT AVAILABLE,NOT AVAILABLE,MILITARY,OPEN,-999,RICHLAND,45079,USA,34.0119261340001,-80.937789935,622110,GENERAL MEDICAL AND SURGICAL HOSPITALS,http://www.tricare.mil/mtf,2020-04-01,IMAGERY/OTHER,2020-03-24,http://www.moncrief.amedd.army.mil/,NOT AVAILABLE,NOT AVAILABLE,45,GOVERNMENT - FEDERAL,-999,-999,NOT AVAILABLE,N,45079011501,+34.0183763,-080.9374698,34.0119261340897,-80.9377899350257
2140,0004429560,LAKE CITY COMMUNITY HOSPITAL,258 N RON MCNAIR BLVD,LAKE CITY,SC,29560,NOT AVAILABLE,(843) 374-2036,GENERAL ACUTE CARE,OPEN,48,FLORENCE,45041,USA,33.8806915870001,-79.760437812,622110,GENERAL MEDICAL AND SURGICAL HOSPITALS,http://www.scdhec.gov/health/fhpf/healthfacilityregulationslicensing/healthcarefacilitylicensing/licensedfacilitiesbytype/,2019-08-10,IMAGERY/OTHER,2013-10-02,http://www.lcchospital.org,38785585,NOT AVAILABLE,45,GOVERNMENT - DISTRICT/AUTHORITY,-999,48,NOT AVAILABLE,N,45041002201,+33.8669969,-079.7884800,33.880691586939,-79.760437812176
2141,0006029556,WILLIAMSBURG REGIONAL HOSPITAL,500 NELSON BLVD,KINGSTREE,SC,29556,NOT AVAILABLE,(843) 355-8888,GENERAL ACUTE CARE,OPEN,25,WILLIAMSBURG,45089,USA,33.6600182920001,-79.818600089,622110,GENERAL MEDICAL AND SURGICAL HOSPITALS,http://www.scdhec.gov/health/fhpf/healthfacilityregulationslicensing/healthcarefacilitylicensing/licensedfacilitiesbytype/,2019-08-10,IMAGERY/OTHER,2014-02-10,http://www.wmbgrh.com/,38781480,NOT AVAILABLE,45,NON-PROFIT,-999,25,NOT AVAILABLE,Y,45089970501,+33.6474741,-079.7149055,33.6600182921996,-79.8186000886459
2142,0000629812,BARNWELL COUNTY HOSPITAL,811 REYNOLDS RD,BARNWELL,SC,29812,NOT AVAILABLE,(803) 259-1000,GENERAL ACUTE CARE,CLOSED,53,BARNWELL,45011,USA,33.2555055560001,-81.361316287,622110,GENERAL MEDICAL AND SURGICAL HOSPITALS,http://www.scdhec.gov/health/fhpf/healthfacilityregulationslicensing/healthcarefacilitylicensing/licensedfacilitiesbytype/,2012-07-03,IMAGERY/OTHER,2014-02-10,http://www.bchospital.org,38785426,NOT AVAILABLE,45,GOVERNMENT - LOCAL,-999,53,NOT AVAILABLE,Y,45011970300,+33.2731810,-081.3721662,33.2555055563274,-81.3613162866468
2143,0008929466,MOUNT PLEASANT HOSPITAL,3500 HWY 17 N,MOUNT PLEASANT,SC,29466,NOT AVAILABLE,(843) 724-2954,GENERAL ACUTE CARE,OPEN,85,CHARLESTON,45019,USA,32.877829305,-79.7691314159999,622110,GENERAL MEDICAL AND SURGICAL HOSPITALS,http://www.scdhec.gov/health/fhpf/healthfacilityregulationslicensing/healthcarefacilitylicensing/licensedfacilitiesbytype/,2019-08-10,IMAGERY/OTHER,2014-02-10,http://www.mymountpleasanthospital.com,67014566,NOT AVAILABLE,45,NON-PROFIT,-999,85,NOT AVAILABLE,Y,45019004608,+32.8973520,-079.7890349,32.8778293053675,-79.7691314164416
2144,0004029485,SUMMERVILLE MEDICAL CENTER,295 MIDLAND PKWY,SUMMERVILLE,SC,29485,NOT AVAILABLE,(843) 832-5000,GENERAL ACUTE CARE,OPEN,94,DORCHESTER,45035,USA,32.9658778780001,-80.157607094,622110,GENERAL MEDICAL AND SURGICAL HOSPITALS,http://www.scdhec.gov/health/fhpf/healthfacilityregulationslicensing/healthcarefacilitylicensing/licensedfacilitiesbytype/,2019-08-10,IMAGERY/OTHER,2013-10-04,http://tridenthealthsystem.com/about/summerville-medical-center/,38784681,NOT AVAILABLE,45,PROPRIETARY,-999,94,NOT AVAILABLE,N,45035010813,+32.9767187,-080.1609388,32.9658778777382,-80.1576070938978
2145,0007129204,PROVIDENCE HOSPITAL,2435 FOREST DR,COLUMBIA,SC,29204,NOT AVAILABLE,(803) 256-5300,GENERAL ACUTE CARE,OPEN,258,RICHLAND,45079,USA,34.0141631440001,-81.013535563,622110,GENERAL MEDICAL AND SURGICAL HOSPITALS,http://www.scdhec.gov/health/fhpf/healthfacilityregulationslicensing/healthcarefacilitylicensing/licensedfacilitiesbytype/,2019-08-10,IMAGERY/OTHER,2014-02-10,http://www.sistersofcharityhealth.org/health-care/providence-hospitals/,38784597,NOT AVAILABLE,45,NON-PROFIT,-999,258,NOT AVAILABLE,Y,45079001100,+34.0228440,-081.0031652,34.0141631438621,-81.0135355626773
2146,0007729401,VIBRA HOSPITAL OF CHARLESTON,1200 HOSPITAL DRIVE,MT PLEASANT,SC,29401,NOT AVAILABLE,(843) 876-8340,LONG TERM CARE,OPEN,59,CHARLESTON,45019,USA,32.814901627,-79.85571638,622310,SPECIALTY (EXCEPT PSYCHIATRIC AND SUBSTANCE ABUSE) HOSPITALS,http://www.scdhec.gov/health/fhpf/healthfacilityregulationslicensing/healthcarefacilitylicensing/licensedfacilitiesbytype/,2019-08-10,IMAGERY/OTHER,2014-02-10,http://www.vhcharleston.com/,38781076,KINDRED HOSPITAL CHARLESTON,45,PROPRIETARY,-999,59,NOT AVAILABLE,N,45019004606,+32.8232078,-079.8820580,32.8149016269573,-79.8557163804161
2147,0005929650,CAROLINA CENTER FOR BEHAVIORAL HEALTH,2700 E PHILLIPS RD,GREER,SC,29650,NOT AVAILABLE,(864) 235-2335,PSYCHIATRIC,OPEN,130,GREENVILLE,45045,USA,34.8648571150001,-82.229157984,622210,PSYCHIATRIC AND SUBSTANCE ABUSE HOSPITALS,http://www.scdhec.gov/health/fhpf/healthfacilityregulationslicensing/healthcarefacilitylicensing/licensedfacilitiesbytype/,2019-08-10,IMAGERY/OTHER,2014-02-10,http://www.thecarolinacenter.com,38781392,NOT AVAILABLE,45,PROPRIETARY,-999,130,NOT AVAILABLE,N,45045002808,+34.8429987,-082.2609847,34.8648571149796,-82.2291579836539
2148,0001629340,CHEROKEE MEDICAL CENTER,1530 N LIMESTONE ST,GAFFNEY,SC,29340,NOT AVAILABLE,(864) 487-1500,GENERAL ACUTE CARE,OPEN,125,CHEROKEE,45021,USA,35.089879298,-81.634372673,622110,GENERAL MEDICAL AND SURGICAL HOSPITALS,http://www.scdhec.gov/health/fhpf/healthfacilityregulationslicensing/healthcarefacilitylicensing/licensedfacilitiesbytype/,2019-08-10,IMAGERY/OTHER,2014-02-10,http://maryblackgaffney.com/mary-black-gaffney/home.aspx,38783446,GAFFNEY MEDICAL CENTER,45,PROPRIETARY,-999,125,NOT AVAILABLE,Y,45021970302,+35.0992561,-081.6011090,35.0898792980671,-81.6343726731196
2149,0006129615,PRISMA HEALTH PATEWOOD HOSPITAL,175 PATEWOOD DR,GREENVILLE,SC,29615,NOT AVAILABLE,(864) 797-1000,GENERAL ACUTE CARE,OPEN,72,GREENVILLE,45045,USA,34.8515134640001,-82.327608086,622110,GENERAL MEDICAL AND SURGICAL HOSPITALS,http://www.scdhec.gov/health/fhpf/healthfacilityregulationslicensing/healthcarefacilitylicensing/licensedfacilitiesbytype/,2019-08-10,IMAGERY/OTHER,2014-02-10,http://www.ghs.org/patewood,38785674,NOT AVAILABLE,45,PROPRIETARY,-999,72,NOT AVAILABLE,N,45045001808,+34.8451301,-082.3292341,34.8515134641771,-82.3276080863439
2151,0009329646,GREENWOOD REGIONAL REHABILITATION HOSPITAL,1530 PKWY,GREENWOOD,SC,29646,NOT AVAILABLE,(864) 330-1800,REHABILITATION,OPEN,46,GREENWOOD,45047,USA,34.16941166,-82.1567953639999,622310,"REHABILITATION HOSPITALS (EXCEPT ALCOHOLISM, DRUG ADDICTION)",http://www.scdhec.gov/health/fhpf/healthfacilityregulationslicensing/healthcarefacilitylicensing/licensedfacilitiesbytype/,2019-08-10,IMAGERY,2013-10-02,http://www.grrh.ernesthealth.com,38785720,NOT AVAILABLE,45,PROPRIETARY,-999,46,NOT AVAILABLE,N,45047970800,+34.1118770,-082.1861034,34.1694116596668,-82.1567953637515
2154,0002629520,MCLEOD HEALTH CHERAW,711 CHESTERFIELD HWY,CHERAW,SC,29520,NOT AVAILABLE,(843) 320-3361,GENERAL ACUTE CARE,OPEN,59,CHESTERFIELD,45025,USA,34.6945760510001,-79.919753714,622110,GENERAL MEDICAL AND SURGICAL HOSPITALS,http://www.scdhec.gov/health/fhpf/healthfacilityregulationslicensing/healthcarefacilitylicensing/licensedfacilitiesbytype/,2019-08-10,IMAGERY/OTHER,2013-10-04,http://www.mcleodhealth.org/cheraw/mcleod-health-cheraw.html,38781712,CHESTERFIELD GENERAL HOSPITAL,45,NON-PROFIT,-999,59,NOT AVAILABLE,Y,45025950502,+34.7080062,-079.9249608,34.6945760509478,-79.9197537143026
2742,0001329569,MCLEOD LORIS,3655 MITCHELL ST,LORIS,SC,29569,NOT AVAILABLE,(843) 716-7000,GENERAL ACUTE CARE,OPEN,105,HORRY,45051,USA,34.0574707000001,-78.898893137,622110,GENERAL MEDICAL AND SURGICAL HOSPITALS,http://www.scdhec.gov/health/fhpf/healthfacilityregulationslicensing/healthcarefacilitylicensing/licensedfacilitiesbytype/,2019-08-10,IMAGERY,2014-03-12,http://www.mcleodhealth.org/mcleod-loris/about-mcleod-loris.html,38784013,NOT AVAILABLE,45,NON-PROFIT,-999,105,NOT AVAILABLE,Y,45051020200,+34.0490659,-078.8433664,34.0574707000803,-78.8988931373257
2785,0005829605,SHRINERS' HOSPITAL FOR CHILDREN-GREENVILLE,950 W FARIS RD,GREENVILLE,SC,29605,NOT AVAILABLE,(864) 255-7942,CHILDREN,OPEN,50,GREENVILLE,45045,USA,34.8172494940001,-82.413178097,622110,GENERAL MEDICAL AND SURGICAL HOSPITALS,http://www.scdhec.gov/health/fhpf/healthfacilityregulationslicensing/healthcarefacilitylicensing/licensedfacilitiesbytype/,2019-08-10,IMAGERY/OTHER,2014-02-10,http://www.shrinershospitalsforchildren.org/hospitals/locations/greenville.aspx,38783290,NOT AVAILABLE,45,NON-PROFIT,-999,50,NOT AVAILABLE,Y,45045002103,+34.8059127,-082.4073509,34.8172494937266,-82.4131780968796
2786,0006429440,TIDELANDS GEORGETOWN MEMORIAL HOSPITAL,606 BLACK RIVER RD,GEORGETOWN,SC,29440,NOT AVAILABLE,(843) 527-7000,GENERAL ACUTE CARE,OPEN,131,GEORGETOWN,45043,USA,33.3796426850001,-79.284553409,622110,GENERAL MEDICAL AND SURGICAL HOSPITALS,http://www.scdhec.gov/health/fhpf/healthfacilityregulationslicensing/healthcarefacilitylicensing/licensedfacilitiesbytype/,2019-08-10,IMAGERY/OTHER,2014-02-10,http://www.tidelandshealth.org/locations/profile/?id=3,38782877,GEORGETOWN MEMORIAL HOSPITAL,45,NON-PROFIT,-999,131,NOT AVAILABLE,Y,45043920302,+33.3895567,-079.2722447,33.3796426849761,-79.2845534093415
2787,0008329576,TIDELANDS WACCAMAW COMMUNITY HOSPITAL,4070 HWY 17 BYPASS,MURRELLS INLET,SC,29576,NOT AVAILABLE,(843) 652-1001,GENERAL ACUTE CARE,OPEN,167,GEORGETOWN,45043,USA,33.5604687530001,-79.042725301,622110,GENERAL MEDICAL AND SURGICAL HOSPITALS,http://www.scdhec.gov/health/fhpf/healthfacilityregulationslicensing/healthcarefacilitylicensing/licensedfacilitiesbytype/,2019-08-10,IMAGERY/OTHER,2014-02-10,http://www.tidelandshealth.org/,38785007,NOT AVAILABLE,45,NON-PROFIT,-999,167,NOT AVAILABLE,Y,45043920501,+33.5608845,-079.0419987,33.5604687529487,-79.042725300821
2788,0006529927,COASTAL CAROLINA HOSPITAL,1000 MEDICAL CENTER DR,HARDEEVILLE,SC,29927,NOT AVAILABLE,(843) 784-8181,GENERAL ACUTE CARE,OPEN,41,JASPER,45053,USA,32.3150337970001,-81.05396235,622110,GENERAL MEDICAL AND SURGICAL HOSPITALS,http://www.scdhec.gov/health/fhpf/healthfacilityregulationslicensing/healthcarefacilitylicensing/licensedfacilitiesbytype/,2019-08-10,IMAGERY/OTHER,2014-02-10,http://www.coastalhospital.com,38785699,NOT AVAILABLE,45,PROPRIETARY,-999,41,NOT AVAILABLE,Y,45053950300,+32.2481288,-081.0599775,32.3150337967919,-81.0539623501872
2789,0002329020,KERSHAWHEALTH,1315 ROBERTS ST,CAMDEN,SC,29020,NOT AVAILABLE,(803) 432-4311,GENERAL ACUTE CARE,OPEN,121,KERSHAW,45055,USA,34.252855638,-80.590342291,622110,GENERAL MEDICAL AND SURGICAL HOSPITALS,http://www.scdhec.gov/health/fhpf/healthfacilityregulationslicensing/healthcarefacilitylicensing/licensedfacilitiesbytype/,2019-08-10,IMAGERY/OTHER,2014-02-10,http://www.kershawhealth.com,38782088,NOT AVAILABLE,45,GOVERNMENT - LOCAL,-999,121,NOT AVAILABLE,Y,45055970800,+34.2226390,-080.5951484,34.2528556382735,-80.5903422910922
2790,0002529720,MUSC HEALTH LANCASTER MEDICAL CENTER,800 W MEETING ST,LANCASTER,SC,29720,NOT AVAILABLE,(803) 286-1481,GENERAL ACUTE CARE,OPEN,211,LANCASTER,45057,USA,34.717687073,-80.7877213739999,622110,GENERAL MEDICAL AND SURGICAL HOSPITALS,http://www.scdhec.gov/health/fhpf/healthfacilityregulationslicensing/healthcarefacilitylicensing/licensedfacilitiesbytype/,2019-08-10,IMAGERY/OTHER,2014-02-10,http://www.springsmemorial.com,38783860,NOT AVAILABLE,45,PROPRIETARY,-999,211,NOT AVAILABLE,Y,45057010800,+34.7162854,-080.7786524,34.7176870727735,-80.7877213739772
2791,0002229681,PRISMA HEALTH HILLCREST HOSPITAL,729 SE MAIN ST,SIMPSONVILLE,SC,29681,NOT AVAILABLE,(864) 454-6151,GENERAL ACUTE CARE,OPEN,43,GREENVILLE,45045,USA,34.7201856130001,-82.248230204,622110,GENERAL MEDICAL AND SURGICAL HOSPITALS,http://www.scdhec.gov/health/fhpf/healthfacilityregulationslicensing/healthcarefacilitylicensing/licensedfacilitiesbytype/,2019-08-10,IMAGERY/OTHER,2014-02-10,http://www.ghs.org/hillcrest,38782923,NOT AVAILABLE,45,PROPRIETARY,-999,43,NOT AVAILABLE,Y,45045003011,+34.7317039,-082.2349019,34.7201856128998,-82.2482302043843
2794,0003429302,CHILDREN'S REHABILITATION CENTER,355 CEDAR SPRINGS RD,SPARTANBURG,SC,29302,NOT AVAILABLE,(864) 577-7521,GENERAL ACUTE CARE,OPEN,11,SPARTANBURG,45083,USA,34.9101138,-81.880447334,622110,GENERAL MEDICAL AND SURGICAL HOSPITALS,http://www.scdhec.gov/health/fhpf/healthfacilityregulationslicensing/healthcarefacilitylicensing/licensedfacilitiesbytype/,2019-08-10,IMAGERY,2013-10-03,http://www.scsdb.org/site/default.aspx?pageid=1,38782678,NOT AVAILABLE,45,GOVERNMENT - STATE,-999,11,NOT AVAILABLE,N,45083022004,+34.9087801,-081.8635820,34.9101138003406,-81.8804473335838
2796,0001029512,MARLBORO PARK HOSPITAL,1138 CHERAW ST,BENNETTSVILLE,SC,29512,NOT AVAILABLE,(843) 454-8576,GENERAL ACUTE CARE,CLOSED,94,MARLBORO,45069,USA,34.6362818420001,-79.69711175,622110,GENERAL MEDICAL AND SURGICAL HOSPITALS,http://www.scdhec.gov/health/fhpf/healthfacilityregulationslicensing/healthcarefacilitylicensing/licensedfacilitiesbytype/,2012-07-03,IMAGERY/OTHER,2013-10-03,http://www.marlboroparkhospital.com,38782253,NOT AVAILABLE,45,PROPRIETARY,-999,94,NOT AVAILABLE,N,45069960301,+34.6238660,-079.6508936,34.6362818422989,-79.6971117499585
2797,0008429102,MCLEOD HEALTH CLARENDON,10 E HOSPITAL ST,MANNING,SC,29102,NOT AVAILABLE,(803) 435-8463,GENERAL ACUTE CARE,OPEN,81,CLARENDON,45027,USA,33.6867129820001,-80.211539028,622110,GENERAL MEDICAL AND SURGICAL HOSPITALS,http://www.scdhec.gov/health/fhpf/healthfacilityregulationslicensing/healthcarefacilitylicensing/licensedfacilitiesbytype/,2019-08-10,IMAGERY/OTHER,2014-02-10,https://www.mcleodhealth.org/mcleod-health-clarendon.html,38781768,CLARENDON MEMORIAL HOSPITAL,45,NON-PROFIT,-999,81,NOT AVAILABLE,Y,45027960701,+33.6390856,-080.2315868,33.6867129819086,-80.2115390276249
2798,0002729488,COLLETON MEDICAL CENTER,501 ROBERTSON BLVD,WALTERBORO,SC,29488,NOT AVAILABLE,(843) 782-2000,GENERAL ACUTE CARE,OPEN,131,COLLETON,45029,USA,32.9228210010001,-80.669910817,622110,GENERAL MEDICAL AND SURGICAL HOSPITALS,http://www.scdhec.gov/health/fhpf/healthfacilityregulationslicensing/healthcarefacilitylicensing/licensedfacilitiesbytype/,2019-08-10,IMAGERY/OTHER,2014-02-10,http://www.colletonmedical.com,38781811,NOT AVAILABLE,45,PROPRIETARY,-999,131,NOT AVAILABLE,Y,45029970402,+32.9671267,-080.6527418,32.9228210010827,-80.6699108171147
2799,0001929621,ANMED HEALTH NORTH WOMEN'S AND CHILDREN'S HOSPITAL,2000 E GREENVILLE ST,ANDERSON,SC,29621,NOT AVAILABLE,(864) 512-4801,GENERAL ACUTE CARE,OPEN,72,ANDERSON,45007,USA,34.545571426,-82.628881114,622110,GENERAL MEDICAL AND SURGICAL HOSPITALS,http://www.scdhec.gov/health/fhpf/healthfacilityregulationslicensing/healthcarefacilitylicensing/licensedfacilitiesbytype/,2019-08-10,IMAGERY/OTHER,2014-02-10,http://www.anmedhealth.org,38785540,NOT AVAILABLE,45,NON-PROFIT,-999,72,NOT AVAILABLE,Y,45007011202,+34.5595444,-082.6008259,34.5455714256305,-82.6288811137447
2801,0005529472,LIEBER CORRECTIONAL INSTITUTION INFIRMARY,136 WILBORN AVE,RIDGEVILLE,SC,29472,NOT AVAILABLE,(803) 896-3702,GENERAL ACUTE CARE,OPEN,10,DORCHESTER,45035,USA,33.0853394640001,-80.290731363,622110,GENERAL MEDICAL AND SURGICAL HOSPITALS,http://www.scdhec.gov/health/fhpf/healthfacilityregulationslicensing/healthcarefacilitylicensing/licensedfacilitiesbytype/,2019-08-10,IMAGERY,2013-10-04,http://www.doc.sc.gov/institutions/lieber.jsp,38785200,NOT AVAILABLE,45,GOVERNMENT - STATE,-999,10,NOT AVAILABLE,N,45035010400,+33.0372476,-080.3509226,33.085339463899,-80.2907313625627
2802,0005329170,SOUTH CAROLINA VOCATIONAL REHABILITATION EVALUATION CENTER,1400 BOSTON AVE,WEST COLUMBIA,SC,29170,NOT AVAILABLE,(803) 896-6040,GENERAL ACUTE CARE,OPEN,30,LEXINGTON,45063,USA,33.9518686600001,-81.107883916,622110,GENERAL MEDICAL AND SURGICAL HOSPITALS,http://www.scdhec.gov/health/fhpf/healthfacilityregulationslicensing/healthcarefacilitylicensing/licensedfacilitiesbytype/,2019-08-10,IMAGERY/OTHER,2013-10-04,http://scvrd.net/individuals/evaluation_center.php,38785787,NOT AVAILABLE,45,GOVERNMENT - STATE,-999,30,NOT AVAILABLE,N,45063020602,+33.9636284,-081.1190800,33.9518686602035,-81.1078839155593
2803,0003629203,MORRIS VILLAGE,610 FAISON DR,COLUMBIA,SC,29203,NOT AVAILABLE,(803) 935-7100,GENERAL ACUTE CARE,OPEN,174,RICHLAND,45079,USA,34.089299011,-80.986957172,622110,GENERAL MEDICAL AND SURGICAL HOSPITALS,http://www.scdhec.gov/health/fhpf/healthfacilityregulationslicensing/healthcarefacilitylicensing/licensedfacilitiesbytype/,2019-08-10,IMAGERY/OTHER,2013-10-04,http://www.state.sc.us/dmh/dir_facilities.htm#mv,38784380,NOT AVAILABLE,45,GOVERNMENT - STATE,-999,174,NOT AVAILABLE,N,45079010806,+34.0911355,-080.9836596,34.0892990109934,-80.9869571721465
2805,0000729325,PRISMA HEALTH LAURENS COUNTY HOSPITAL,22725 HWY 76 E,CLINTON,SC,29325,NOT AVAILABLE,(864) 833-9100,GENERAL ACUTE CARE,OPEN,76,LAURENS,45059,USA,34.4814707950001,-81.940821967,622110,GENERAL MEDICAL AND SURGICAL HOSPITALS,http://www.scdhec.gov/health/fhpf/healthfacilityregulationslicensing/healthcarefacilitylicensing/licensedfacilitiesbytype/,2019-08-10,IMAGERY/OTHER,2014-02-10,http://www.ghs.org/laurens,38784433,NOT AVAILABLE,45,PROPRIETARY,-999,76,NOT AVAILABLE,Y,45059920302,+34.4434477,-081.9881019,34.4814707948392,-81.9408219665623
2806,0005629210,WILLOW LANE INFIRMARY,4650 BROAD RIVER RD,COLUMBIA,SC,29210,NOT AVAILABLE,(803) 896-9107,GENERAL ACUTE CARE,OPEN,8,RICHLAND,45079,USA,34.0726165560001,-81.111401115,622110,GENERAL MEDICAL AND SURGICAL HOSPITALS,http://www.scdhec.gov/health/fhpf/healthfacilityregulationslicensing/healthcarefacilitylicensing/licensedfacilitiesbytype/,2019-08-10,IMAGERY,2013-10-04,http://www.doc.sc.gov/institutions/brci.jsp,38782813,NOT AVAILABLE,45,GOVERNMENT - STATE,-999,8,NOT AVAILABLE,N,45079010408,+34.0695655,-081.0984227,34.0726165561654,-81.1114011154423
2807,0010929601,REGENCY HOSPITAL OF GREENVILLE,1 SAINT FRANCIS DR,GREENVILLE,SC,29601,3999,(864) 255-1401,LONG TERM CARE,OPEN,32,GREENVILLE,45045,USA,34.840686432,-82.421418976,622310,SPECIALTY (EXCEPT PSYCHIATRIC AND SUBSTANCE ABUSE) HOSPITALS,http://www.scdhec.gov/health/fhpf/healthfacilityregulationslicensing/healthcarefacilitylicensing/licensedfacilitiesbytype/,2019-08-10,IMAGERY,2016-10-27,http://greenville.regencyhospital.com/,NOT AVAILABLE,NOT AVAILABLE,45,PROPRIETARY,-999,32,NOT AVAILABLE,N,45045002105,+34.8386720,-082.4266332,34.840686431986,-82.4214189762931
2808,0006829405,PALMETTO LOWCOUNTRY BEHAVIORAL HEALTH,2777 SPEISSEGGER DR,NORTH CHARLESTON,SC,29405,NOT AVAILABLE,(843) 747-5830,PSYCHIATRIC,OPEN,112,CHARLESTON,45019,USA,32.8396479570001,-79.975052353,622210,PSYCHIATRIC AND SUBSTANCE ABUSE HOSPITALS,http://www.scdhec.gov/health/fhpf/healthfacilityregulationslicensing/healthcarefacilitylicensing/licensedfacilitiesbytype/,2019-08-10,IMAGERY,2014-02-10,http://www.palmettobehavioralhealth.com,38780797,NOT AVAILABLE,45,PROPRIETARY,-999,112,NOT AVAILABLE,N,45019004400,+32.8305580,-079.9619676,32.8396479572765,-79.9750523529878
2809,0005729169,THREE RIVERS BEHAVIORAL HEALTH,2900 SUNSET BLVD,WEST COLUMBIA,SC,29169,NOT AVAILABLE,(803) 796-9911,PSYCHIATRIC,OPEN,98,LEXINGTON,45063,USA,34.0072911,-81.118174212,622210,PSYCHIATRIC AND SUBSTANCE ABUSE HOSPITALS,http://www.scdhec.gov/health/fhpf/healthfacilityregulationslicensing/healthcarefacilitylicensing/licensedfacilitiesbytype/,2019-08-10,IMAGERY/OTHER,2014-02-10,http://www.threeriversbehavioral.org,38781439,NOT AVAILABLE,45,PROPRIETARY,-999,98,NOT AVAILABLE,N,45063020506,+34.0140354,-081.1321082,34.0072910996407,-81.1181742123603
2810,0010829720,REBOUND BEHAVIORAL HEALTH,134 E REBOUND RD,LANCASTER,SC,29720,7712,(803) 313-3700,PSYCHIATRIC,OPEN,42,LANCASTER,15057,USA,34.862069515,-80.802395034,622210,PSYCHIATRIC AND SUBSTANCE ABUSE HOSPITALS,http://www.scdhec.gov/health/fhpf/healthfacilityregulationslicensing/healthcarefacilitylicensing/licensedfacilitiesbytype/,2019-08-10,IMAGERY,2016-10-27,http://www.reboundbehavioralhealth.com/,NOT AVAILABLE,NOT AVAILABLE,45,PROPRIETARY,-999,42,NOT AVAILABLE,N,45057011202,+34.8889877,-080.8262996,34.8620695151552,-80.802395034343
2811,0008229926,HILTON HEAD HOSPITAL,25 HOSPITAL CENTER BLVD,HILTON HEAD ISLAND,SC,29926,NOT AVAILABLE,(843) 689-8206,GENERAL ACUTE CARE,OPEN,93,BEAUFORT,45013,USA,32.2240453170001,-80.715057337,622110,GENERAL MEDICAL AND SURGICAL HOSPITALS,http://www.scdhec.gov/health/fhpf/healthfacilityregulationslicensing/healthcarefacilitylicensing/licensedfacilitiesbytype/,2019-08-10,IMAGERY/OTHER,2013-10-03,http://www.hiltonheadregional.com,38782968,NOT AVAILABLE,45,PROPRIETARY,-999,93,NOT AVAILABLE,N,45013010700,+32.2572090,-080.7106039,32.2240453169861,-80.7150573369576
2813,0008629201,PRISMA HEALTH BAPTIST,1330 TAYLOR ST,COLUMBIA,SC,29201,NOT AVAILABLE,(803) 296-5425,LONG TERM CARE,OPEN,35,RICHLAND,45079,USA,34.0076548220001,-81.033531242,622310,SPECIALTY (EXCEPT PSYCHIATRIC AND SUBSTANCE ABUSE) HOSPITALS,http://www.scdhec.gov/health/fhpf/healthfacilityregulationslicensing/healthcarefacilitylicensing/licensedfacilitiesbytype/,2019-08-10,IMAGERY,2014-02-10,http://www.intermedicalhospital.com,38780976,NOT AVAILABLE,45,NON-PROFIT,-999,35,NOT AVAILABLE,Y,45079003100,+34.0078902,-081.0307786,34.0076548218235,-81.0335312416383
3819,0013829209,WILLIAM JENNINGS BRYAN DORN VA MEDICAL CENTER,6439 GARNERS FERRY RD,COLUMBIA,SC,29209,NOT AVAILABLE,(803) 776-4000,MILITARY,OPEN,-999,RICHLAND,45079,USA,33.9751419310001,-80.958899809,622110,GENERAL MEDICAL AND SURGICAL HOSPITALS,https://www.va.gov/directory/guide/allstate.asp,2019-09-26,IMAGERY/OTHER,2015-05-26,http://www.columbiasc.va.gov/,NOT AVAILABLE,NOT AVAILABLE,45,GOVERNMENT - FEDERAL,-999,-999,NOT AVAILABLE,N,45079011604,+33.9704856,-080.9678395,33.9751419310405,-80.9588998088066
4453,0010229566,MCLEOD SEACOAST,4000 HWY 9 E,LITTLE RIVER,SC,29566,NOT AVAILABLE,(843) 390-8100,GENERAL ACUTE CARE,OPEN,50,HORRY,45051,USA,33.865712235,-78.66354577,622110,GENERAL MEDICAL AND SURGICAL HOSPITALS,http://www.scdhec.gov/health/fhpf/healthfacilityregulationslicensing/healthcarefacilitylicensing/licensedfacilitiesbytype/,2019-08-10,IMAGERY/OTHER,2014-02-10,http://www.mcleodhealth.org/mcleod-seacoast/about-mcleod-seacoast.html,43690103,NOT AVAILABLE,45,NON-PROFIT,-999,50,NOT AVAILABLE,Y,45051040102,+33.8606822,-078.6881471,33.8657122349492,-78.6635457699122
4502,0194629210,SOUTH CAROLINA SEXUALLY VIOLENT PREDATOR TREATMENT PROGRAM,4546 BROAD RIVER RD,COLUMBIA,SC,29210,NOT AVAILABLE,(803) 545-0301,PSYCHIATRIC,OPEN,268,RICHLAND,45079,USA,34.0722657820001,-81.110943475,622210,"HOSPITALS, ADDICTION",http://www.scdhec.gov/health/fhpf/healthfacilityregulationslicensing/healthcarefacilitylicensing/licensedfacilitiesbytype/,2020-03-17,IMAGERY/OTHER,2020-05-06,https://wellpathcare.com/recovery-solutions-locations/south-carolina-sexually-violent-predator-treatment-program-scvptp/,NOT AVAILABLE,NOT AVAILABLE,45,NOT AVAILABLE,-999,268,NOT AVAILABLE,N,45079010408,+34.0695655,-081.0984227,34.0722657822956,-81.110943475009
4550,0183729461,ROPER ST FRANCIS BERKELEY HOSPITAL,100 CALLEN BLVD,MONCKS CORNER,SC,29461,NOT AVAILABLE,(854) 529-3002,GENERAL ACUTE CARE,OPEN,50,BERKELEY,45015,USA,33.0688980000001,-80.095302,622110,GENERAL MEDICAL AND SURGICAL HOSPITALS,http://www.scdhec.gov/health/fhpf/healthfacilityregulationslicensing/healthcarefacilitylicensing/licensedfacilitiesbytype/,2020-03-17,IMAGERY/OTHER,2020-05-06,https://www.rsfh.com/berkeley-hospital/,NOT AVAILABLE,NOT AVAILABLE,45,PROPRIETARY,-999,50,NOT AVAILABLE,N,45015020712,+33.0974243,-080.1025100,33.0688979996264,-80.0953020002384
5365,0003229614,W J BARGE MEMORIAL HOSPITAL,1700 WADE HAMPTON BLVD,GREENVILLE,SC,29614,NOT AVAILABLE,(864) 770-1352,GENERAL ACUTE CARE,CLOSED,79,GREENVILLE,45045,USA,34.8730143390001,-82.361846357,622110,GENERAL MEDICAL AND SURGICAL HOSPITALS,http://www.scdhec.gov/health/fhpf/healthfacilityregulationslicensing/healthcarefacilitylicensing/licensedfacilitiesbytype/,2012-07-03,IMAGERY,2013-10-02,http://www.bju.edu/about-bju/campus-map/barge/,38783250,NOT AVAILABLE,45,PROPRIETARY,-999,79,NOT AVAILABLE,N,45045001203,+34.8709485,-082.3647461,34.8730143388087,-82.3618463574036
5366,0009229601,ST FRANCIS-DOWNTOWN,1 SAINT FRANCIS DR,GREENVILLE,SC,29601,NOT AVAILABLE,(864) 255-1000,GENERAL ACUTE CARE,OPEN,245,GREENVILLE,45045,USA,34.8404389680001,-82.4213904219999,622110,GENERAL MEDICAL AND SURGICAL HOSPITALS,http://www.scdhec.gov/health/fhpf/healthfacilityregulationslicensing/healthcarefacilitylicensing/licensedfacilitiesbytype/,2019-08-10,IMAGERY/OTHER,2014-02-10,http://www.stfrancishealth.org/find-a-facility-st-francis-downtown.html,38781333,NOT AVAILABLE,45,NON-PROFIT,-999,245,NOT AVAILABLE,N,45045002105,+34.8386720,-082.4266332,34.8404389679894,-82.4213904224435
5367,0009429651,PELHAM MEDICAL CENTER,250 WESTMORELAND RD,GREER,SC,29651,NOT AVAILABLE,(864) 530-2366,GENERAL ACUTE CARE,OPEN,48,SPARTANBURG,45083,USA,34.862483583,-82.218591297,622110,GENERAL MEDICAL AND SURGICAL HOSPITALS,http://www.scdhec.gov/health/fhpf/healthfacilityregulationslicensing/healthcarefacilitylicensing/licensedfacilitiesbytype/,2019-08-10,IMAGERY/OTHER,2014-02-10,https://www.spartanburgregional.com/locations/pelham-medical-center/,41102094,VILLAGE HOSPITAL,45,GOVERNMENT - DISTRICT/AUTHORITY,-999,48,NOT AVAILABLE,Y,45083023202,+34.9056795,-082.1772299,34.8624835831575,-82.2185912967995
5368,0006329379,UNION MEDICAL CENTER,322 W SOUTH ST,UNION,SC,29379,NOT AVAILABLE,(864) 427-0351,GENERAL ACUTE CARE,OPEN,143,UNION,45087,USA,34.7121601330001,-81.629300789,622110,GENERAL MEDICAL AND SURGICAL HOSPITALS,http://www.scdhec.gov/health/fhpf/healthfacilityregulationslicensing/healthcarefacilitylicensing/licensedfacilitiesbytype/,2019-08-10,IMAGERY/OTHER,2013-10-03,http://www.wallacethomson.com,38782553,WALLACE THOMSON HOSPITAL,45,GOVERNMENT - DISTRICT/AUTHORITY,-999,143,NOT AVAILABLE,N,45087030200,+34.7080486,-081.6317056,34.7121601333655,-81.6293007886187
5370,0010129180,FAIRFIELD MEMORIAL HOSPITAL,102 US HWY 321 BYP N,WINNSBORO,SC,29180,NOT AVAILABLE,(803) 635-0233,CRITICAL ACCESS,CLOSED,25,FAIRFIELD,45039,USA,34.372650493,-81.099114856,622110,GENERAL MEDICAL AND SURGICAL HOSPITALS,http://www.scdhec.gov/health/fhpf/healthfacilityregulationslicensing/healthcarefacilitylicensing/licensedfacilitiesbytype/,2018-08-10,IMAGERY/OTHER,2013-10-03,http://www.fairfieldmemorial.com,38783584,NOT AVAILABLE,45,GOVERNMENT - LOCAL,-999,25,NOT AVAILABLE,N,45039960400,+34.3646209,-081.0494245,34.3726504928223,-81.0991148564031
5372,0009029621,ANMED HEALTH REHABILITATION HOSPITAL,1 SPRING BACK WAY,ANDERSON,SC,29621,NOT AVAILABLE,(864) 716-2600,GENERAL ACUTE CARE,OPEN,60,ANDERSON,45007,USA,34.5377413940001,-82.628032672,622110,GENERAL MEDICAL AND SURGICAL HOSPITALS,http://www.scdhec.gov/health/fhpf/healthfacilityregulationslicensing/healthcarefacilitylicensing/licensedfacilitiesbytype/,2019-08-10,IMAGERY/OTHER,2013-10-03,http://www.anmedrehab.com,38785051,NOT AVAILABLE,45,PROPRIETARY,-999,60,NOT AVAILABLE,N,45007011202,+34.5595444,-082.6008259,34.5377413939386,-82.6280326720268
5382,0003029574,MUSC HEALTH MARION MEDICAL CENTER,2829 E HWY 76,MULLINS,SC,29574,NOT AVAILABLE,(843) 431-2000,GENERAL ACUTE CARE,OPEN,124,MARION,45067,USA,34.186279836,-79.325839785,622110,GENERAL MEDICAL AND SURGICAL HOSPITALS,http://www.scdhec.gov/health/fhpf/healthfacilityregulationslicensing/healthcarefacilitylicensing/licensedfacilitiesbytype/,2019-08-10,IMAGERY/OTHER,2014-02-10,http://www.carolinashospitalmarion.com/pages/home.aspx,38784966,NOT AVAILABLE,45,PROPRIETARY,-999,124,NOT AVAILABLE,Y,45067950600,+34.1309919,-079.3264614,34.186279836005,-79.3258397848652
5918,0007629572,GRAND STRAND REGIONAL MEDICAL CENTER,809 82ND PKWY,MYRTLE BEACH,SC,29572,NOT AVAILABLE,(843) 692-1100,GENERAL ACUTE CARE,OPEN,301,HORRY,45051,USA,33.758439434,-78.820106779,622110,GENERAL MEDICAL AND SURGICAL HOSPITALS,http://www.scdhec.gov/health/fhpf/healthfacilityregulationslicensing/healthcarefacilitylicensing/licensedfacilitiesbytype/,2019-08-10,IMAGERY/OTHER,2014-02-10,http://www.grandstrandmed.com,38781990,NOT AVAILABLE,45,PROPRIETARY,-999,301,LEVEL I,Y,45051050303,+33.7568838,-078.8111818,33.7584394340006,-78.8201067789126
6001,0000429944,HAMPTON REGIONAL MEDICAL CENTER,595 W CAROLINA AVE,VARNVILLE,SC,29944,NOT AVAILABLE,(803) 943-2771,GENERAL ACUTE CARE,OPEN,32,HAMPTON,45049,USA,32.852848076,-81.090030512,622110,GENERAL MEDICAL AND SURGICAL HOSPITALS,http://www.scdhec.gov/health/fhpf/healthfacilityregulationslicensing/healthcarefacilitylicensing/licensedfacilitiesbytype/,2019-08-10,IMAGERY/OTHER,2014-02-10,http://www.hamptonregional.com,38782029,NOT AVAILABLE,45,NON-PROFIT,-999,32,NOT AVAILABLE,Y,45049920200,+32.8590563,-081.0106074,32.8528480762508,-81.0900305119384
6002,0001529646,SELF REGIONAL HEALTHCARE,1325 SPRING ST,GREENWOOD,SC,29646,NOT AVAILABLE,(864) 725-4111,GENERAL ACUTE CARE,OPEN,354,GREENWOOD,45047,USA,34.1756436160001,-82.15657819,622110,GENERAL MEDICAL AND SURGICAL HOSPITALS,http://www.scdhec.gov/health/fhpf/healthfacilityregulationslicensing/healthcarefacilitylicensing/licensedfacilitiesbytype/,2019-08-10,IMAGERY/OTHER,2013-10-02,http://www.selfregional.org,38785285,NOT AVAILABLE,45,GOVERNMENT - LOCAL,-999,354,LEVEL III,N,45047970400,+34.1698568,-082.2054546,34.1756436157441,-82.1565781897434
6003,0001829615,ST FRANCIS-EASTSIDE,125 COMMONWEALTH DR,GREENVILLE,SC,29615,NOT AVAILABLE,(864) 675-4000,GENERAL ACUTE CARE,OPEN,93,GREENVILLE,45045,USA,34.851285815,-82.322549184,622110,GENERAL MEDICAL AND SURGICAL HOSPITALS,http://www.scdhec.gov/health/fhpf/healthfacilityregulationslicensing/healthcarefacilitylicensing/licensedfacilitiesbytype/,2019-08-10,IMAGERY/OTHER,2014-02-10,http://www.stfrancishealth.org/find-a-facility-st-francis-eastside.html,38781282,NOT AVAILABLE,45,NON-PROFIT,-999,93,NOT AVAILABLE,N,45045001808,+34.8451301,-082.3292341,34.8512858152763,-82.3225491842955
6008,0000129605,PRISMA HEALTH GREENVILLE MEMORIAL HOSPITAL,701 GROVE RD,GREENVILLE,SC,29605,NOT AVAILABLE,(864) 455-7114,GENERAL ACUTE CARE,OPEN,845,GREENVILLE,45045,USA,34.81864389,-82.412648587,622110,GENERAL MEDICAL AND SURGICAL HOSPITALS,http://www.scdhec.gov/health/fhpf/healthfacilityregulationslicensing/healthcarefacilitylicensing/licensedfacilitiesbytype/,2019-08-10,IMAGERY/OTHER,2014-02-10,http://www.ghs.org/greenvillememorial,38783931,NOT AVAILABLE,45,PROPRIETARY,-999,845,"LEVEL I, LEVEL II PEDIATRIC",Y,45045002103,+34.8059127,-082.4073509,34.8186438901656,-82.412648586732
6015,0007229303,SPARTANBURG REGIONAL MEDICAL CENTER,101 E WOOD ST,SPARTANBURG,SC,29303,NOT AVAILABLE,(864) 560-6000,GENERAL ACUTE CARE,OPEN,540,SPARTANBURG,45083,USA,34.9666004540001,-81.939464493,622110,GENERAL MEDICAL AND SURGICAL HOSPITALS,http://www.scdhec.gov/health/fhpf/healthfacilityregulationslicensing/healthcarefacilitylicensing/licensedfacilitiesbytype/,2019-08-10,IMAGERY/OTHER,2014-02-10,http://www.spartanburgregional.com,38785325,NOT AVAILABLE,45,GOVERNMENT - DISTRICT/AUTHORITY,-999,540,LEVEL I,Y,45083020301,+34.9629269,-081.9384470,34.9666004540935,-81.939464492692
6018,0009929162,TURBEVILLE CORRECTIONAL INSTITUTION INFIRMARY,1578 CLARENCE COKER HWY,TURBEVILLE,SC,29162,NOT AVAILABLE,(803) 896-3100,GENERAL ACUTE CARE,OPEN,8,CLARENDON,45027,USA,33.8878019370001,-80.081224758,622110,GENERAL MEDICAL AND SURGICAL HOSPITALS,http://www.scdhec.gov/health/fhpf/healthfacilityregulationslicensing/healthcarefacilitylicensing/licensedfacilitiesbytype/,2019-08-10,IMAGERY,2013-10-03,http://www.doc.sc.gov/institutions/turbeville.jsp,38785687,NOT AVAILABLE,45,GOVERNMENT - STATE,-999,8,NOT AVAILABLE,N,45027960202,+33.8866241,-080.0817786,33.8878019371376,-80.0812247583391
6020,0000829150,PRISMA HEALTH TUOMEY HOSPITAL,129 N WASHINGTON ST,SUMTER,SC,29150,NOT AVAILABLE,(803) 774-9000,GENERAL ACUTE CARE,OPEN,283,SUMTER,45085,USA,33.923611319,-80.3427210519999,622110,GENERAL MEDICAL AND SURGICAL HOSPITALS,http://www.scdhec.gov/health/fhpf/healthfacilityregulationslicensing/healthcarefacilitylicensing/licensedfacilitiesbytype/,2019-08-10,IMAGERY/OTHER,2014-02-10,http://www.tuomey.com,38782486,NOT AVAILABLE,45,NON-PROFIT,-999,283,NOT AVAILABLE,Y,45085001300,+33.9165836,-080.3525729,33.9236113188072,-80.3427210524073
6023,0000529621,ANMED HEALTH MEDICAL CENTER,800 N FANT ST,ANDERSON,SC,29621,NOT AVAILABLE,(864) 512-1109,GENERAL ACUTE CARE,OPEN,423,ANDERSON,45007,USA,34.511484239,-82.646486751,622110,GENERAL MEDICAL AND SURGICAL HOSPITALS,http://www.scdhec.gov/health/fhpf/healthfacilityregulationslicensing/healthcarefacilitylicensing/licensedfacilitiesbytype/,2019-08-10,IMAGERY/OTHER,2014-02-10,http://www.anmedhealth.org,38783542,NOT AVAILABLE,45,NON-PROFIT,-999,423,NOT AVAILABLE,Y,45007000200,+34.5217065,-082.6449925,34.511484239016,-82.6464867512304
6029,0009829409,CITADEL INFIRMARY,171 MOULTRIE ST,CHARLESTON,SC,29409,NOT AVAILABLE,(843) 953-6847,GENERAL ACUTE CARE,OPEN,38,CHARLESTON,45019,USA,32.795721267,-79.959673427,622110,GENERAL MEDICAL AND SURGICAL HOSPITALS,http://www.scdhec.gov/health/fhpf/healthfacilityregulationslicensing/healthcarefacilitylicensing/licensedfacilitiesbytype/,2019-08-10,IMAGERY,2013-10-03,http://www.citadel.edu/root/infirmary-home,38782754,MARY BENNETT MURRAY INFIRMARY - THE CITADEL,45,GOVERNMENT - STATE,-999,38,NOT AVAILABLE,N,45019005200,+32.7984271,-079.9627055,32.7957212673745,-79.959673427089
6032,0001229536,MCLEOD MEDICAL CENTER-DILLON,301 E JACKSON ST,DILLON,SC,29536,NOT AVAILABLE,(843) 774-4111,GENERAL ACUTE CARE,OPEN,79,DILLON,45033,USA,34.4217105910001,-79.365532437,622110,GENERAL MEDICAL AND SURGICAL HOSPITALS,http://www.scdhec.gov/health/fhpf/healthfacilityregulationslicensing/healthcarefacilitylicensing/licensedfacilitiesbytype/,2019-08-10,IMAGERY/OTHER,2014-02-10,http://www.mcleodhealth.org/mcleod-dillon/mcleod-health-dillon-has-a-strong-history-in-the-dillon-community.html,38785134,NOT AVAILABLE,45,NON-PROFIT,-999,79,NOT AVAILABLE,Y,45033970300,+34.4536751,-079.4414521,34.421710590975,-79.3655324367855
6033,0000329532,MCLEOD MEDICAL CENTER-DARLINGTON,701 CASHUA FERRY RD,DARLINGTON,SC,29532,NOT AVAILABLE,(843) 777-1100,GENERAL ACUTE CARE,OPEN,72,DARLINGTON,45031,USA,34.3133305010001,-79.8398029539999,622110,GENERAL MEDICAL AND SURGICAL HOSPITALS,http://www.scdhec.gov/health/fhpf/healthfacilityregulationslicensing/healthcarefacilitylicensing/licensedfacilitiesbytype/,2019-08-10,IMAGERY/OTHER,2014-02-10,http://www.mcleodhealth.org/mcleod-darlington/the-choice-for-medical-excellence.html,38784053,NOT AVAILABLE,45,NON-PROFIT,-999,72,NOT AVAILABLE,N,45031011300,+34.3273952,-079.7774948,34.313330500986,-79.8398029542284
6034,0005129010,LEE CORRECTIONAL INSTITUTION INFIRMARY,1204 E CHURCH ST,BISHOPVILLE,SC,29010,NOT AVAILABLE,(803) 896-2400,GENERAL ACUTE CARE,OPEN,20,LEE,45061,USA,34.1989012380001,-80.225973927,622110,GENERAL MEDICAL AND SURGICAL HOSPITALS,http://www.scdhec.gov/health/fhpf/healthfacilityregulationslicensing/healthcarefacilitylicensing/licensedfacilitiesbytype/,2019-08-10,IMAGERY/OTHER,2013-10-04,http://www.doc.sc.gov/institutions/lee.jsp,38785178,NOT AVAILABLE,45,GOVERNMENT - STATE,-999,20,NOT AVAILABLE,N,45061920301,+34.1970770,-080.2264333,34.1989012381207,-80.2259739265681
6035,0004329827,ALLENDALE COUNTY HOSPITAL,1787 ALLENDALE FAIRFAX HWY,FAIRFAX,SC,29827,NOT AVAILABLE,(803) 632-3311,GENERAL ACUTE CARE,OPEN,25,ALLENDALE,45005,USA,32.9655431240001,-81.247956331,622110,GENERAL MEDICAL AND SURGICAL HOSPITALS,http://www.scdhec.gov/health/fhpf/healthfacilityregulationslicensing/healthcarefacilitylicensing/licensedfacilitiesbytype/,2019-08-10,IMAGERY/OTHER,2020-03-24,http://www.allendalecountyhospital.com/,38781531,NOT AVAILABLE,45,GOVERNMENT - LOCAL,-999,25,NOT AVAILABLE,Y,45005970400,+32.8745690,-081.3241455,32.9655431240434,-81.2479563313499
6036,0004129406,TRIDENT MEDICAL CENTER,9330 MEDICAL PLAZA DR,N CHARLESTON,SC,29406,NOT AVAILABLE,(843) 847-4100,GENERAL ACUTE CARE,OPEN,313,CHARLESTON,45019,USA,32.975962495,-80.073075109,622110,GENERAL MEDICAL AND SURGICAL HOSPITALS,http://www.scdhec.gov/health/fhpf/healthfacilityregulationslicensing/healthcarefacilitylicensing/licensedfacilitiesbytype/,2019-08-10,IMAGERY/OTHER,2014-02-10,http://www.tridenthealthsystem.com,38782423,NOT AVAILABLE,45,PROPRIETARY,-999,313,LEVEL II,Y,45019003115,+32.9798853,-080.0611887,32.975962494976,-80.0730751091309
6037,0001129203,PROVIDENCE HOSPITAL NORTHEAST,120 GATEWAY CORPORATE BLVD,COLUMBIA,SC,29203,NOT AVAILABLE,(803) 865-4500,GENERAL ACUTE CARE,OPEN,74,RICHLAND,45079,USA,34.104167886,-80.9586357699999,622110,GENERAL MEDICAL AND SURGICAL HOSPITALS,http://www.scdhec.gov/health/fhpf/healthfacilityregulationslicensing/healthcarefacilitylicensing/licensedfacilitiesbytype/,2019-08-10,IMAGERY,2014-02-10,http://www.providencehospitals.com/providence_hospital_northeast,38784639,NOT AVAILABLE,45,NON-PROFIT,-999,74,NOT AVAILABLE,Y,45079011404,+34.1092531,-080.9554245,34.1041678859911,-80.9586357696901
6038,0003529203,CORRECT CARE OF SOUTH CAROLINA,7901 FARROW RD,COLUMBIA,SC,29203,NOT AVAILABLE,(803) 935-0505,GENERAL ACUTE CARE,OPEN,145,RICHLAND,45079,USA,34.0756098700001,-80.979600144,622110,GENERAL MEDICAL AND SURGICAL HOSPITALS,http://www.scdhec.gov/health/fhpf/healthfacilityregulationslicensing/healthcarefacilitylicensing/licensedfacilitiesbytype/,2019-08-10,IMAGERY,2013-10-04,http://www.correctcaresolutions.com/our-services/crcc/,38780921,COLUMBIA REGIONAL CARE CENTER,45,PROPRIETARY,-999,145,NOT AVAILABLE,N,45079010806,+34.0911355,-080.9836596,34.0756098697262,-80.9796001442427
6039,0005229210,KIRKLAND CORRECTIONAL INSTITUTION INFIRMARY,4344 BROAD RIVER RD,COLUMBIA,SC,29210,NOT AVAILABLE,(803) 896-8567,GENERAL ACUTE CARE,OPEN,24,RICHLAND,45079,USA,34.073744117,-81.09822245,622110,GENERAL MEDICAL AND SURGICAL HOSPITALS,http://www.scdhec.gov/health/fhpf/healthfacilityregulationslicensing/healthcarefacilitylicensing/licensedfacilitiesbytype/,2019-08-10,IMAGERY,2013-10-04,http://www.doc.sc.gov/institutions/brci.jsp,38782785,NOT AVAILABLE,45,GOVERNMENT - STATE,-999,24,NOT AVAILABLE,N,45079010408,+34.0695655,-081.0984227,34.0737441166795,-81.0982224502369
6040,0007529108,NEWBERRY COUNTY MEMORIAL HOSPITAL,2669 KINARD ST,NEWBERRY,SC,29108,NOT AVAILABLE,(803) 276-7570,GENERAL ACUTE CARE,OPEN,90,NEWBERRY,45071,USA,34.2904283520001,-81.606423418,622110,GENERAL MEDICAL AND SURGICAL HOSPITALS,http://www.scdhec.gov/health/fhpf/healthfacilityregulationslicensing/healthcarefacilitylicensing/licensedfacilitiesbytype/,2019-08-10,IMAGERY,2014-02-10,http://www.newberryhospital.org,38782319,NOT AVAILABLE,45,GOVERNMENT - LOCAL,-999,90,NOT AVAILABLE,Y,45071950202,+34.2795093,-081.5635938,34.29042835194,-81.6064234184309
6041,0006229303,SPARTANBURG HOSPITAL FOR RESTORATIVE CARE,389 SERPENTINE DR,SPARTANBURG,SC,29303,NOT AVAILABLE,(864) 560-3263,LONG TERM CARE,OPEN,97,SPARTANBURG,45083,USA,34.96619278,-81.936063861,622310,SPECIALTY (EXCEPT PSYCHIATRIC AND SUBSTANCE ABUSE) HOSPITALS,http://www.scdhec.gov/health/fhpf/healthfacilityregulationslicensing/healthcarefacilitylicensing/licensedfacilitiesbytype/,2019-08-10,IMAGERY/OTHER,2014-02-10,http://www.srhs.com,38781915,NOT AVAILABLE,45,GOVERNMENT - DISTRICT/AUTHORITY,-999,97,NOT AVAILABLE,N,45083020301,+34.9629269,-081.9384470,34.9661927803564,-81.9360638608952
6042,0010329401,RALPH H JOHNSON VETERANS AFFAIRS MEDICAL CENTER,109 BEE ST,CHARLESTON,SC,29401,NOT AVAILABLE,(843) 577-5011,MILITARY,OPEN,98,CHARLESTON,45019,USA,32.7841740050001,-79.954005594,622110,GENERAL MEDICAL AND SURGICAL HOSPITALS,http://www.scdhec.gov/health/fhpf/healthfacilityregulationslicensing/healthcarefacilitylicensing/licensedfacilitiesbytype/,2019-08-10,IMAGERY/OTHER,2013-10-03,http://www.charleston.va.gov/,NOT AVAILABLE,NOT AVAILABLE,45,GOVERNMENT - FEDERAL,-999,98,NOT AVAILABLE,N,45019000600,+32.7850610,-079.9510689,32.7841740051327,-79.9540055939405
6043,0004729690,SPRINGBROOK BEHAVIORAL HEALTH SYSTEM,1 HAVENWOOD LN,TRAVELERS REST,SC,29690,NOT AVAILABLE,(864) 834-8013,PSYCHIATRIC,OPEN,44,GREENVILLE,45045,USA,34.9640711020001,-82.454732474,622210,PSYCHIATRIC AND SUBSTANCE ABUSE HOSPITALS,http://www.scdhec.gov/health/fhpf/healthfacilityregulationslicensing/healthcarefacilitylicensing/licensedfacilitiesbytype/,2019-08-10,IMAGERY/OTHER,2014-02-10,http://www.springbrookbehavioral.com,38782639,NOT AVAILABLE,45,PROPRIETARY,-999,44,NOT AVAILABLE,N,45045003904,+34.9863586,-082.4422353,34.964071101686,-82.4547324739885
6044,0003329526,LIGHTHOUSE CARE CENTER OF CONWAY ACUTE CARE,152 WACCAMAW MEDICAL PARK DR,CONWAY,SC,29526,NOT AVAILABLE,(843) 347-8871,PSYCHIATRIC,OPEN,87,HORRY,45051,USA,33.7869124970001,-78.9978476109999,622210,PSYCHIATRIC AND SUBSTANCE ABUSE HOSPITALS,http://www.scdhec.gov/health/fhpf/healthfacilityregulationslicensing/healthcarefacilitylicensing/licensedfacilitiesbytype/,2019-08-10,IMAGERY/OTHER,2014-02-10,http://lighthousecarecenterofconway.com/,38785609,NOT AVAILABLE,45,PROPRIETARY,-999,87,NOT AVAILABLE,N,45051060405,+33.7922107,-079.0120361,33.7869124970436,-78.9978476108101
6045,0010629506,MUSC HEALTH FLORENCE REHABILITATION CENTER,121 E CEDAR ST,FLORENCE,SC,29506,2576,(843) 674-2500,GENERAL ACUTE CARE,OPEN,66,FLORENCE,45041,USA,34.189017017,-79.764395583,622110,GENERAL MEDICAL AND SURGICAL HOSPITALS,http://www.scdhec.gov/health/fhpf/healthfacilityregulationslicensing/healthcarefacilitylicensing/licensedfacilitiesbytype/,2019-08-10,IMAGERY/OTHER,2016-10-21,http://www.carolinashospital.com/,NOT AVAILABLE,NOT AVAILABLE,45,PROPRIETARY,-999,66,NOT AVAILABLE,N,45041001000,+34.1911403,-079.7695503,34.1890170168309,-79.7643955827054
6046,0010729212,PRISMA HEALTH BAPTIST PARKRIDGE,400 PALMETTO HEALTH PKWY,COLUMBIA,SC,29212,1760,(803) 907-7011,GENERAL ACUTE CARE,OPEN,76,RICHLAND,45079,USA,34.0874379150001,-81.160089626,622110,GENERAL MEDICAL AND SURGICAL HOSPITALS,http://www.scdhec.gov/health/fhpf/healthfacilityregulationslicensing/healthcarefacilitylicensing/licensedfacilitiesbytype/,2019-08-10,IMAGERY,2016-10-27,https://www.palmettohealth.org/locations-directions/hospitals/palmetto-health-baptist-parkridge,NOT AVAILABLE,NOT AVAILABLE,45,NON-PROFIT,-999,76,NOT AVAILABLE,Y,45079010304,+34.0792076,-081.1443462,34.0874379147214,-81.1600896259752
6047,0007029621,PATRICK B HARRIS PSYCHIATRIC HOSPITAL,130 HWY 252,ANDERSON,SC,29621,NOT AVAILABLE,(864) 231-2600,PSYCHIATRIC,OPEN,200,ANDERSON,45007,USA,34.477767311,-82.5673575719999,622210,PSYCHIATRIC AND SUBSTANCE ABUSE HOSPITALS,http://www.scdhec.gov/health/fhpf/healthfacilityregulationslicensing/healthcarefacilitylicensing/licensedfacilitiesbytype/,2019-08-10,IMAGERY,2014-02-10,http://www.patrickbharrispsychiatrichospital.com/index.htm,38784132,NOT AVAILABLE,45,GOVERNMENT - STATE,-999,200,NOT AVAILABLE,N,45007011300,+34.4693731,-082.5413588,34.4777673113287,-82.5673575723487
6048,0003729203,G WERBER BRYAN PSYCHIATRIC HOSPITAL,220 FAISON DR,COLUMBIA,SC,29203,NOT AVAILABLE,(803) 935-6281,PSYCHIATRIC,OPEN,530,RICHLAND,45079,USA,34.085863159,-80.982872201,622210,PSYCHIATRIC AND SUBSTANCE ABUSE HOSPITALS,http://www.scdhec.gov/health/fhpf/healthfacilityregulationslicensing/healthcarefacilitylicensing/licensedfacilitiesbytype/,2019-08-10,IMAGERY/OTHER,2014-02-10,http://www.scdmh.org,38784228,NOT AVAILABLE,45,GOVERNMENT - STATE,-999,530,NOT AVAILABLE,N,45079010806,+34.0911355,-080.9836596,34.0858631588453,-80.9828722010713
6049,0005029210,GILLIAM PSYCHIATRIC HOSPITAL,4344 BROAD RIVER RD,COLUMBIA,SC,29210,NOT AVAILABLE,(803) 896-2271,PSYCHIATRIC,OPEN,87,RICHLAND,45079,USA,34.0701263400001,-81.0985722309999,622210,PSYCHIATRIC AND SUBSTANCE ABUSE HOSPITALS,http://www.scdhec.gov/health/fhpf/healthfacilityregulationslicensing/healthcarefacilitylicensing/licensedfacilitiesbytype/,2019-08-10,IMAGERY,2013-10-04,http://www.doc.sc.gov/institutions/brci.jsp,38782723,NOT AVAILABLE,45,GOVERNMENT - STATE,-999,87,NOT AVAILABLE,N,45079010408,+34.0695655,-081.0984227,34.0701263402381,-81.0985722308523
6050,0009729118,WILLIAM J MCCORD ADOLESCENT TREATMENT FACILITY,910 COOK RD,ORANGEBURG,SC,29118,NOT AVAILABLE,(803) 534-2328,PSYCHIATRIC,OPEN,15,ORANGEBURG,45075,USA,33.5358707840001,-80.822206255,622210,PSYCHIATRIC AND SUBSTANCE ABUSE HOSPITALS,http://www.scdhec.gov/health/fhpf/healthfacilityregulationslicensing/healthcarefacilitylicensing/licensedfacilitiesbytype/,2019-08-10,IMAGERY/OTHER,2014-02-10,http://www.mccordcenter.com,38784780,NOT AVAILABLE,45,NON-PROFIT,-999,15,NOT AVAILABLE,N,45075011100,+33.5450483,-080.8457594,33.5358707838669,-80.8222062550401
6053,0008529203,WILLIAM S HALL PSYCHIATRIC INSTITUTE,220 FAISON DR,COLUMBIA,SC,29203,NOT AVAILABLE,(803) 898-1593,PSYCHIATRIC,OPEN,38,RICHLAND,45079,USA,34.0792533630001,-80.980477698,622210,"CHILDREN'S HOSPITALS, PSYCHIATRIC OR SUBSTANCE ABUSE",http://www.scdhec.gov/health/fhpf/healthfacilityregulationslicensing/healthcarefacilitylicensing/licensedfacilitiesbytype/,2019-08-10,IMAGERY,2014-02-10,https://www.state.sc.us/dmh/dir_facilities.htm,38784330,NOT AVAILABLE,45,GOVERNMENT - STATE,-999,38,NOT AVAILABLE,N,45079010806,+34.0911355,-080.9836596,34.0792533626659,-80.980477697664
6054,0011029303,SPARTANBURG REHABILITATION INSTITUTE,160 HAROLD FLEMING CT,SPARTANBURG,SC,29303,4226,(864) 594-9600,REHABILITATION,OPEN,40,SPARTANBURG,45083,USA,34.9896574310001,-81.942460234,622310,"REHABILITATION HOSPITALS (EXCEPT ALCOHOLISM, DRUG ADDICTION)",http://www.scdhec.gov/health/fhpf/healthfacilityregulationslicensing/healthcarefacilitylicensing/licensedfacilitiesbytype/,2019-08-10,IMAGERY,2016-10-27,http://sri.ernesthealth.com/,NOT AVAILABLE,NOT AVAILABLE,45,PROPRIETARY,-999,40,NOT AVAILABLE,N,45083021500,+34.9800448,-081.9284454,34.9896574312944,-81.9424602340274
6055,0002929505,WOMEN'S CENTER OF CAROLINAS HOSPITAL SYSTEM,1590 FREEDOM BLVD,FLORENCE,SC,29505,NOT AVAILABLE,(843) 674-2500,WOMEN,OPEN,20,FLORENCE,45041,USA,34.1614199300001,-79.7531218139999,622310,MATERNITY HOSPITALS,http://www.scdhec.gov/health/fhpf/healthfacilityregulationslicensing/healthcarefacilitylicensing/licensedfacilitiesbytype/,2019-08-10,IMAGERY/OTHER,2014-03-12,http://www.carolinashospital.com,38784564,NOT AVAILABLE,45,PROPRIETARY,-999,20,NOT AVAILABLE,Y,45041000600,+34.1546745,-079.7528863,34.1614199298766,-79.7531218139245
6056,0003829406,ENCOMPASS HEALTH REHABILITATION HOSPITAL OF CHARLESTON,9181 MEDCOM ST,NORTH CHARLESTON,SC,29406,NOT AVAILABLE,(843) 820-7762,REHABILITATION,OPEN,46,CHARLESTON,45019,USA,32.975799319,-80.069978431,622310,"REHABILITATION HOSPITALS (EXCEPT ALCOHOLISM, DRUG ADDICTION)",http://www.scdhec.gov/health/fhpf/healthfacilityregulationslicensing/healthcarefacilitylicensing/licensedfacilitiesbytype/,2019-08-10,IMAGERY/OTHER,2013-10-03,http://www.healthsouthcharleston.com,38784738,NOT AVAILABLE,45,PROPRIETARY,-999,46,NOT AVAILABLE,N,45019003115,+32.9798853,-080.0611887,32.9757993187303,-80.0699784312936
6659,0000000011,NAVAL HOSPITAL BEAUFORT,1 PINCKNEY BLVD,BEAUFORT,SC,29902,NOT AVAILABLE,(843) 228-5600,MILITARY,OPEN,-999,BEAUFORT,45013,USA,32.3894646950001,-80.6822799349999,622110,GENERAL MEDICAL AND SURGICAL HOSPITALS,http://www.tricare.mil/mtf,2020-04-01,IMAGERY/OTHER,2015-07-28,http://www.med.navy.mil/sites/nhbeaufort/pages/welcome_page.aspx,NOT AVAILABLE,NOT AVAILABLE,45,GOVERNMENT - FEDERAL,-999,-999,NOT AVAILABLE,N,45013000800,+32.3847275,-080.6965888,32.3894646952847,-80.6822799349591
6874,0009129824,EDGEFIELD COUNTY HOSPITAL,300 RIDGE MEDICAL PLAZA RD,EDGEFIELD,SC,29824,NOT AVAILABLE,(803) 637-3174,CRITICAL ACCESS,OPEN,25,EDGEFIELD,45037,USA,33.7790002530001,-81.929706972,622110,GENERAL MEDICAL AND SURGICAL HOSPITALS,http://www.scdhec.gov/health/fhpf/healthfacilityregulationslicensing/healthcarefacilitylicensing/licensedfacilitiesbytype/,2019-08-10,IMAGERY/OTHER,2014-02-10,http://www.myech.org,38781954,NOT AVAILABLE,45,GOVERNMENT - LOCAL,-999,25,NOT AVAILABLE,N,45037970202,+33.8472526,-081.9454445,33.7790002526683,-81.929706972313
6924,0007929118,REGIONAL MEDICAL CENTER OF ORANGEBURG & CALHOUN COUNTIES,3000 SAINT MATTHEWS RD,ORANGEBURG,SC,29118,NOT AVAILABLE,(803) 395-2454,GENERAL ACUTE CARE,OPEN,286,ORANGEBURG,45075,USA,33.5402674520001,-80.830458172,622110,GENERAL MEDICAL AND SURGICAL HOSPITALS,http://www.scdhec.gov/health/fhpf/healthfacilityregulationslicensing/healthcarefacilitylicensing/licensedfacilitiesbytype/,2019-08-10,IMAGERY/OTHER,2020-03-24,http://www.trmchealth.org,38783210,NOT AVAILABLE,45,GOVERNMENT - LOCAL,-999,286,NOT AVAILABLE,Y,45075011100,+33.5450483,-080.8457594,33.5402674522681,-80.8304581720535
6925,0002429169,LEXINGTON MEDICAL CENTER,2720 SUNSET BLVD,WEST COLUMBIA,SC,29169,NOT AVAILABLE,(803) 791-2000,GENERAL ACUTE CARE,OPEN,428,LEXINGTON,45063,USA,34.005961895,-81.114198991,622110,GENERAL MEDICAL AND SURGICAL HOSPITALS,http://www.scdhec.gov/health/fhpf/healthfacilityregulationslicensing/healthcarefacilitylicensing/licensedfacilitiesbytype/,2019-08-10,IMAGERY/OTHER,2020-03-24,http://www.lexmed.com,38782139,NOT AVAILABLE,45,GOVERNMENT - DISTRICT/AUTHORITY,-999,428,NOT AVAILABLE,Y,45063020506,+34.0140354,-081.1321082,34.0059618952481,-81.1141989911583
6934,0004229620,ABBEVILLE AREA MEDICAL CENTER,420 THOMSON CIR,ABBEVILLE,SC,29620,NOT AVAILABLE,(864) 366-5011,GENERAL ACUTE CARE,OPEN,25,ABBEVILLE,45001,USA,34.1597195700001,-82.383037351,622110,GENERAL MEDICAL AND SURGICAL HOSPITALS,http://www.scdhec.gov/health/fhpf/healthfacilityregulationslicensing/healthcarefacilitylicensing/licensedfacilitiesbytype/,2019-08-10,IMAGERY/OTHER,2020-03-24,http://www.abbevilleareamc.com,38785643,NOT AVAILABLE,45,GOVERNMENT - LOCAL,-999,25,NOT AVAILABLE,Y,45001950500,+34.1266067,-082.3805235,34.1597195699238,-82.3830373508513
6935,0006629801,AIKEN REGIONAL MEDICAL CENTER,302 UNIVERSITY PKWY,AIKEN,SC,29801,NOT AVAILABLE,(803) 641-5600,GENERAL ACUTE CARE,OPEN,245,AIKEN,45003,USA,33.571197892,-81.761802981,622110,GENERAL MEDICAL AND SURGICAL HOSPITALS,http://www.scdhec.gov/health/fhpf/healthfacilityregulationslicensing/healthcarefacilitylicensing/licensedfacilitiesbytype/,2019-08-10,IMAGERY,2020-03-24,http://www.aikenregional.com,38783679,NOT AVAILABLE,45,PROPRIETARY,-999,245,NOT AVAILABLE,Y,45003021300,+33.5673561,-081.7526423,33.5711978918582,-81.7618029811358
6936,0009629671,ANMED HEALTH CANNON MEMORIAL HOSPITAL,123 WG ACKER DR,PICKENS,SC,29671,NOT AVAILABLE,(864) 878-4791,GENERAL ACUTE CARE,OPEN,55,PICKENS,45077,USA,34.8741442910001,-82.7071560109999,622110,GENERAL MEDICAL AND SURGICAL HOSPITALS,http://www.scdhec.gov/health/fhpf/healthfacilityregulationslicensing/healthcarefacilitylicensing/licensedfacilitiesbytype/,2019-08-10,IMAGERY/OTHER,2014-02-10,http://www.cannonhospital.org,38785752,NOT AVAILABLE,45,NON-PROFIT,-999,55,NOT AVAILABLE,N,45077010402,+34.9027375,-082.7107738,34.8741442910921,-82.7071560109609
6937,0009529650,PRISMA HEALTH GREER MEMORIAL HOSPITAL,830 S BUNCOMBE RD,GREER,SC,29650,NOT AVAILABLE,(864) 797-8001,GENERAL ACUTE CARE,OPEN,82,GREENVILLE,45045,USA,34.920043972,-82.244231202,622110,GENERAL MEDICAL AND SURGICAL HOSPITALS,http://www.scdhec.gov/health/fhpf/healthfacilityregulationslicensing/healthcarefacilitylicensing/licensedfacilitiesbytype/,2019-08-10,IMAGERY/OTHER,2014-02-10,http://www.ghs.org/greermemorial,41089405,NOT AVAILABLE,45,PROPRIETARY,-999,82,NOT AVAILABLE,Y,45045002503,+34.9060735,-082.2434794,34.9200439720161,-82.2442312020817
6938,0008729201,CONTINUECARE HOSPITAL AT PALMETTO HEALTH BAPTIST,1330 TAYLOR ST,COLUMBIA,SC,29201,NOT AVAILABLE,(803) 296-5678,GENERAL ACUTE CARE,OPEN,391,RICHLAND,45079,USA,34.006786871,-81.033168042,622110,GENERAL MEDICAL AND SURGICAL HOSPITALS,http://www.scdhec.gov/health/fhpf/healthfacilityregulationslicensing/healthcarefacilitylicensing/licensedfacilitiesbytype/,2019-08-10,IMAGERY/OTHER,2014-02-10,http://www.palmettohealth.org,38691412,NOT AVAILABLE,45,NON-PROFIT,-999,391,NOT AVAILABLE,Y,45079003100,+34.0078902,-081.0307786,34.0067868709887,-81.0331680419891
6939,0004529203,ENCOMPASS HEALTH REHABILITATION HOSPITAL OF COLUMBIA,2935 COLONIAL DR,COLUMBIA,SC,29203,NOT AVAILABLE,(803) 254-7777,REHABILITATION,OPEN,96,RICHLAND,45079,USA,34.0277480510001,-81.028572811,622310,"REHABILITATION HOSPITALS (EXCEPT ALCOHOLISM, DRUG ADDICTION)",http://www.scdhec.gov/health/fhpf/healthfacilityregulationslicensing/healthcarefacilitylicensing/licensedfacilitiesbytype/,2019-08-10,IMAGERY/OTHER,2013-10-04,http://www.healthsouthcolumbia.com,38784167,NOT AVAILABLE,45,PROPRIETARY,-999,96,NOT AVAILABLE,N,45079000500,+34.0325295,-081.0314226,34.0277480512448,-81.0285728107645
6940,0004629506,ENCOMPASS HEALTH REHABILITATION HOSPITAL OF FLORENCE,900 E CHEVES ST,FLORENCE,SC,29506,NOT AVAILABLE,(843) 679-9000,REHABILITATION,OPEN,88,FLORENCE,45041,USA,34.1953881090001,-79.75497558,622310,"REHABILITATION HOSPITALS (EXCEPT ALCOHOLISM, DRUG ADDICTION)",http://www.scdhec.gov/health/fhpf/healthfacilityregulationslicensing/healthcarefacilitylicensing/licensedfacilitiesbytype/,2019-08-10,IMAGERY/OTHER,2013-10-02,http://www.healthsouthflorence.com,38783737,NOT AVAILABLE,45,PROPRIETARY,-999,88,NOT AVAILABLE,N,45041000700,+34.1875889,-079.7527189,34.1953881088018,-79.7549755800398
6941,0003929732,ENCOMPASS HEALTH REHABILITATION HOSPITAL OF ROCK HILL,1795 DR FRANK GASTON BLVD,ROCK HILL,SC,29732,NOT AVAILABLE,(803) 326-3500,REHABILITATION,OPEN,46,YORK,45091,USA,34.9586897310001,-81.052590946,622310,"REHABILITATION HOSPITALS (EXCEPT ALCOHOLISM, DRUG ADDICTION)",http://www.scdhec.gov/health/fhpf/healthfacilityregulationslicensing/healthcarefacilitylicensing/licensedfacilitiesbytype/,2019-08-10,IMAGERY/OTHER,2013-10-03,http://www.healthsouthrockhill.com,38781236,NOT AVAILABLE,45,PROPRIETARY,-999,46,NOT AVAILABLE,N,45091060905,+34.9584300,-081.0651330,34.9586897306867,-81.0525909461418
6942,0003129706,MUSC HEALTH CHESTER MEDICAL CENTER,1 MEDICAL PARK DR,CHESTER,SC,29706,NOT AVAILABLE,(803) 581-3151,GENERAL ACUTE CARE,OPEN,82,CHESTER,45023,USA,34.684482417,-81.183153282,622110,GENERAL MEDICAL AND SURGICAL HOSPITALS,http://www.scdhec.gov/health/fhpf/healthfacilityregulationslicensing/healthcarefacilitylicensing/licensedfacilitiesbytype/,2019-08-10,IMAGERY/OTHER,2014-02-10,http://www.chospital.org,38785511,NOT AVAILABLE,45,PROPRIETARY,-999,82,NOT AVAILABLE,Y,45023020602,+34.7136872,-081.1207622,34.6844824171627,-81.1831532816001
6944,0002029640,PRISMA HEALTH BAPTIST EASLEY HOSPITAL,200 FLEETWOOD DR,EASLEY,SC,29640,NOT AVAILABLE,(864) 442-7606,GENERAL ACUTE CARE,OPEN,109,PICKENS,45077,USA,34.840658998,-82.606852987,622110,GENERAL MEDICAL AND SURGICAL HOSPITALS,http://www.scdhec.gov/health/fhpf/healthfacilityregulationslicensing/healthcarefacilitylicensing/licensedfacilitiesbytype/,2019-08-10,IMAGERY/OTHER,2014-02-10,http://www.baptisteasley.org,38780880,NOT AVAILABLE,45,NON-PROFIT,-999,109,NOT AVAILABLE,Y,45077010801,+34.8349715,-082.6269605,34.8406589982829,-82.606852986572
6945,0004829690,PRISMA HEALTH NORTH GREENVILLE LONG TERM ACUTE CARE HOSPITAL,807 N MAIN ST,TRAVELERS REST,SC,29690,NOT AVAILABLE,(864) 455-9224,LONG TERM CARE,OPEN,45,GREENVILLE,45045,USA,34.975469343,-82.455961016,622310,SPECIALTY (EXCEPT PSYCHIATRIC AND SUBSTANCE ABUSE) HOSPITALS,http://www.scdhec.gov/health/fhpf/healthfacilityregulationslicensing/healthcarefacilitylicensing/licensedfacilitiesbytype/,2019-08-10,IMAGERY/OTHER,2014-02-10,http://www.ghs.org/ngh,38783131,NOT AVAILABLE,45,NON-PROFIT,-999,45,NOT AVAILABLE,N,45045003904,+34.9863586,-082.4422353,34.9754693433676,-82.4559610162593
6946,0002129672,PRISMA HEALTH OCONEE MEMORIAL HOSPITAL,298 MEMORIAL DR,SENECA,SC,29672,NOT AVAILABLE,(864) 885-7191,GENERAL ACUTE CARE,OPEN,169,OCONEE,45073,USA,34.6955306900001,-82.98721979,622110,GENERAL MEDICAL AND SURGICAL HOSPITALS,http://www.scdhec.gov/health/fhpf/healthfacilityregulationslicensing/healthcarefacilitylicensing/licensedfacilitiesbytype/,2019-08-10,IMAGERY/OTHER,2014-02-10,https://www.ghs.org/locations/oconee-medical-campus/,38783172,NOT AVAILABLE,45,PROPRIETARY,-999,169,NOT AVAILABLE,N,45073030601,+34.7033834,-082.9775697,34.695530690145,-82.9872197902491
6947,0000229307,SPARTANBURG MEDICAL CENTER - MARY BLACK CAMPUS,1700 SKYLYN DR,SPARTANBURG,SC,29307,NOT AVAILABLE,(803) 573-3034,GENERAL ACUTE CARE,OPEN,207,SPARTANBURG,45083,USA,34.9784081670001,-81.895519534,622110,GENERAL MEDICAL AND SURGICAL HOSPITALS,http://www.scdhec.gov/health/fhpf/healthfacilityregulationslicensing/healthcarefacilitylicensing/licensedfacilitiesbytype/,2019-08-10,IMAGERY/OTHER,2013-10-03,http://www.maryblackhealthsystem.com,38783019,NOT AVAILABLE,45,PROPRIETARY,-999,207,NOT AVAILABLE,Y,45083021403,+34.9924944,-081.9122498,34.9784081669902,-81.8955195342204
6956,0001429203,PRISMA HEALTH RICHLAND,5 RICHLAND MEDICAL PARK DR,COLUMBIA,SC,29203,NOT AVAILABLE,(803) 434-7000,GENERAL ACUTE CARE,OPEN,649,RICHLAND,45079,USA,34.0286016480001,-81.0330541719999,622110,GENERAL MEDICAL AND SURGICAL HOSPITALS,http://www.scdhec.gov/health/fhpf/healthfacilityregulationslicensing/healthcarefacilitylicensing/licensedfacilitiesbytype/,2019-08-10,IMAGERY/OTHER,2020-03-24,http://www.palmettohealth.org,38691461,NOT AVAILABLE,45,NON-PROFIT,-999,649,"LEVEL I, LEVEL II PEDIATRIC",Y,45079000500,+34.0325295,-081.0314226,34.0286016477594,-81.033054172442
7343,0187529405,SHERIFF AL CANNON DETENTION CENTER,3841 LEEDS AVE,N CHARLESTON,SC,29405,7469,(843) 529-7300,SPECIAL,OPEN,22,CHARLESTON,45019,USA,32.8456630000001,-80.013529,622310,SPECIALTY (EXCEPT PSYCHIATRIC AND SUBSTANCE ABUSE) HOSPITALS,http://www.scdhec.gov/health/fhpf/healthfacilityregulationslicensing/healthcarefacilitylicensing/licensedfacilitiesbytype/,2020-03-17,IMAGERY/OTHER,2020-05-06,https://www.charlestoncounty.org/departments/sheriff/detention.php,NOT AVAILABLE,NOT AVAILABLE,45,GOVERNMENT - LOCAL,-999,22,NOT AVAILABLE,N,45019003900,+32.8491452,-080.0158790,32.8456629999811,-80.0135290004238
7406,0002829526,CONWAY MEDICAL CENTER,300 SINGLETON RIDGE RD,CONWAY,SC,29526,NOT AVAILABLE,(843) 347-8114,GENERAL ACUTE CARE,OPEN,210,HORRY,45051,USA,33.785521837,-79.001827808,622110,GENERAL MEDICAL AND SURGICAL HOSPITALS,http://www.scdhec.gov/health/fhpf/healthfacilityregulationslicensing/healthcarefacilitylicensing/licensedfacilitiesbytype/,2019-08-10,IMAGERY/OTHER,2014-02-10,http://www.conwaymedicalcenter.com/,38781861,NOT AVAILABLE,45,NON-PROFIT,-999,210,NOT AVAILABLE,Y,45051060405,+33.7922107,-079.0120361,33.7855218369023,-79.0018278077805
7418,0006729401,ROPER HOSPITAL,316 CALHOUN ST,CHARLESTON,SC,29401,NOT AVAILABLE,(843) 724-2901,GENERAL ACUTE CARE,OPEN,368,CHARLESTON,45019,USA,32.782793918,-79.949276415,622110,GENERAL MEDICAL AND SURGICAL HOSPITALS,http://www.scdhec.gov/health/fhpf/healthfacilityregulationslicensing/healthcarefacilitylicensing/licensedfacilitiesbytype/,2019-08-10,IMAGERY/OTHER,2014-02-10,http://www.ropersaintfrancis.com,38785221,NOT AVAILABLE,45,NON-PROFIT,-999,368,NOT AVAILABLE,Y,45019000600,+32.7850610,-079.9510689,32.782793918337,-79.9492764149239
7419,0007829414,BON SECOURS-ST FRANCIS XAVIER HOSPITAL,2095 HENRY TECKLENBURG DR,CHARLESTON,SC,29414,NOT AVAILABLE,(843) 402-1000,GENERAL ACUTE CARE,OPEN,204,CHARLESTON,45019,USA,32.8083710670001,-80.042457693,622110,GENERAL MEDICAL AND SURGICAL HOSPITALS,http://www.scdhec.gov/health/fhpf/healthfacilityregulationslicensing/healthcarefacilitylicensing/licensedfacilitiesbytype/,2019-08-10,IMAGERY/OTHER,2020-03-24,http://www.ropersaintfrancis.com,38784893,NOT AVAILABLE,45,NON-PROFIT,-999,204,NOT AVAILABLE,N,45019002614,+32.8019252,-080.0444568,32.8083710668403,-80.0424576927583
7420,0000929506,MCLEOD REGIONAL MEDICAL CENTER,555 E CHEVES ST,FLORENCE,SC,29506,NOT AVAILABLE,(843) 777-2849,GENERAL ACUTE CARE,OPEN,453,FLORENCE,45041,USA,34.1971149710001,-79.75897472,622110,GENERAL MEDICAL AND SURGICAL HOSPITALS,http://www.scdhec.gov/health/fhpf/healthfacilityregulationslicensing/healthcarefacilitylicensing/licensedfacilitiesbytype/,2019-08-10,IMAGERY/OTHER,2014-02-10,http://www.mcleodhealth.org/mcleod-regional-medical-center/the-choice-for-medical-excellence.html,38783061,NOT AVAILABLE,45,NON-PROFIT,-999,453,NOT AVAILABLE,Y,45041000700,+34.1875889,-079.7527189,34.1971149708387,-79.7589747197846
7421,0008129902,BEAUFORT MEMORIAL HOSPITAL,955 RIBAUT RD,BEAUFORT,SC,29902,NOT AVAILABLE,(843) 522-5200,GENERAL ACUTE CARE,OPEN,197,BEAUFORT,45013,USA,32.4173297730001,-80.687520971,622110,GENERAL MEDICAL AND SURGICAL HOSPITALS,http://www.scdhec.gov/health/fhpf/healthfacilityregulationslicensing/healthcarefacilitylicensing/licensedfacilitiesbytype/,2019-08-10,IMAGERY/OTHER,2020-03-24,http://www.bmhsc.org,38783482,NOT AVAILABLE,45,GOVERNMENT - LOCAL,-999,197,NOT AVAILABLE,Y,45013000700,+32.4169450,-080.6897104,32.4173297731756,-80.6875209713297
7422,0001729732,PIEDMONT MEDICAL CENTER,222 S HERLONG AVE,ROCK HILL,SC,29732,NOT AVAILABLE,(803) 329-1234,GENERAL ACUTE CARE,OPEN,288,YORK,45091,USA,34.956609449,-81.05177374,622110,GENERAL MEDICAL AND SURGICAL HOSPITALS,http://www.scdhec.gov/health/fhpf/healthfacilityregulationslicensing/healthcarefacilitylicensing/licensedfacilitiesbytype/,2019-08-10,IMAGERY/OTHER,2014-02-10,http://www.piedmontmedicalcenter.com,38782357,NOT AVAILABLE,45,PROPRIETARY,-999,288,NOT AVAILABLE,Y,45091060905,+34.9584300,-081.0651330,34.9566094490664,-81.0517737397447
7423,0007429505,MUSC HEALTH FLORENCE MEDICAL CENTER,805 PAMPLICO HWY,FLORENCE,SC,29505,NOT AVAILABLE,(843) 674-2500,GENERAL ACUTE CARE,OPEN,310,FLORENCE,45041,USA,34.160066151,-79.7520554019999,622110,GENERAL MEDICAL AND SURGICAL HOSPITALS,http://www.scdhec.gov/health/fhpf/healthfacilityregulationslicensing/healthcarefacilitylicensing/licensedfacilitiesbytype/,2019-08-10,IMAGERY/OTHER,2014-02-10,http://www.carolinashospital.com,38781010,NOT AVAILABLE,45,PROPRIETARY,-999,310,NOT AVAILABLE,Y,45041000600,+34.1546745,-079.7528863,34.1600661508804,-79.7520554022912
7424,0008829464,EAST COOPER MEDICAL CENTER,2000 HOSPITAL DR,MOUNT PLEASANT,SC,29464,NOT AVAILABLE,(843) 416-6210,GENERAL ACUTE CARE,OPEN,130,CHARLESTON,45019,USA,32.8211808660001,-79.850553518,622110,GENERAL MEDICAL AND SURGICAL HOSPITALS,http://www.scdhec.gov/health/fhpf/healthfacilityregulationslicensing/healthcarefacilitylicensing/licensedfacilitiesbytype/,2019-08-10,IMAGERY/OTHER,2020-03-24,http://www.eastcoopermedctr.com,38783785,NOT AVAILABLE,45,PROPRIETARY,-999,130,NOT AVAILABLE,Y,45019004606,+32.8232078,-079.8820580,32.8211808662128,-79.8505535181366
7425,0005429550,CAROLINA PINES REGIONAL MEDICAL CENTER,1304 W BOBO NEWSOM HWY,HARTSVILLE,SC,29550,NOT AVAILABLE,(843) 339-2100,GENERAL ACUTE CARE,OPEN,116,DARLINGTON,45031,USA,34.349818864,-80.1041200239999,622110,GENERAL MEDICAL AND SURGICAL HOSPITALS,http://www.scdhec.gov/health/fhpf/healthfacilityregulationslicensing/healthcarefacilitylicensing/licensedfacilitiesbytype/,2019-08-10,IMAGERY/OTHER,2020-03-24,http://www.cprmc.com,39555498,NOT AVAILABLE,45,PROPRIETARY,-999,116,NOT AVAILABLE,Y,45031010400,+34.3642401,-080.2761274,34.3498188641741,-80.1041200238657
7601,0187429910,ENCOMPASS HEALTH REHABILITATION HOSPITAL OF BLUFFTON,107 SEAGRASS STATION RD,BLUFFTON,SC,29910,NOT AVAILABLE,(843) 836-8200,REHABILITATION,OPEN,38,BEAUFORT,45013,USA,32.285740661,-80.940485768,622310,"REHABILITATION HOSPITALS (EXCEPT ALCOHOLISM, DRUG ADDICTION)",http://www.scdhec.gov/health/fhpf/healthfacilityregulationslicensing/healthcarefacilitylicensing/licensedfacilitiesbytype/,2020-03-17,IMAGERY/OTHER,2020-05-06,https://www.encompasshealth.com/hiltonheadrehab,NOT AVAILABLE,NOT AVAILABLE,45,NON-PROFIT,-999,38,NOT AVAILABLE,N,45013002105,+32.2787090,-080.9215404,32.2857406611038,-80.9404857684135
7602,0192329566,TIDELANDS HEALTH REHABILITATION HOSPITAL AT LITTLE RIVER AN,100 WATER GRANDE BLVD,LITTLE RIVER,SC,29566,NOT AVAILABLE,(843) 366-4000,REHABILITATION,OPEN,46,HORRY,45051,USA,33.8664190000001,-78.660205,622310,"REHABILITATION HOSPITALS (EXCEPT ALCOHOLISM, DRUG ADDICTION)",http://www.scdhec.gov/health/fhpf/healthfacilityregulationslicensing/healthcarefacilitylicensing/licensedfacilitiesbytype/,2020-03-17,IMAGERY/OTHER,2020-05-06,https://www.encompasshealth.com/locations/tidelandshealth-murrellsinlet,NOT AVAILABLE,NOT AVAILABLE,45,NON-PROFIT,-999,46,NOT AVAILABLE,N,45051040103,+33.8802992,-078.6541160,33.8664189997081,-78.6602050000493
